,ID,Text,Upvotes,Depth,Created Timestamp(UTC),Replies,Author,Post ID
0,jw3towb,Donâ€™t think itâ€™s up for debate anywhere legally yet. But you can try bringing it out on a more official forum and see what happens sure. Maybe meet the majlis day or something. Since those guys have our interests so much at heart. ðŸ¤·ðŸ¿,5,0,2023-08-14 06:09:15 UTC,3,Sh4uki,15qeqe6
1,jw443cv,"I don't believe in expats making places of worship, but I do believe in freedom of religion for Maldives. Not everyone is muslim, and we must accept that, and respect that. Even from an islamic perspective, we are advised to be understanding and respectful. Like another comment mentioned, the state shouldn't have a say when it comes to religion. If your sense of faith is tied to complying with the state then is it really truly authentic? We all should be able to choose what we believe in and not have it shoved down our throats. 

Edit: According to Maldivian law, you have to be a muslim to be Maldivian. I also don't believe in that. If you're born here, and you got Maldivian parents, then you're Maldivian no matter what you choose to believe in. That's how I see it anyways.",11,0,2023-08-14 08:21:47 UTC,0,CarelessNightingale,15qeqe6
2,jw3mbya,"The government should have no control over what we believe in. Freedom of conscience is a human right. Everybody should be allowed to believe in whatever they want. If ur religion is so fragile that you need to force people to believe, there's something wrong.",8,0,2023-08-14 04:48:19 UTC,2,ValuableCockroach993,15qeqe6
3,jw84h1t,"u/Maakanaa I think this is the most polarized thread I've seen recently in here ðŸ˜‚

Personally, I don't think state should ever be involved in religion.


Maldives is a monoethnic nation - like Malays of Malaysia - we seem to have infused cultural and religious identity. So I don't think state hold on religion will go away anytime soon.

We also have this religious nationalism formed not long ago and more recently a pan Islamic identity (btw, modern salafi movement also falls under Islamic modernism).

>What about allowing expats to construct places of worship?

Funny that's it's now a touchy subject for a lot of people. We had a chapel in Addu for the british and it was not that controversial back then.

It's important to improve the human rights and living conditions of the expats and freely practicing their own religion on their personal space is part of that. 

We probably should not let anyone build any type of public place for worshipping, just look at king salman mosque here in MalÃ©. An eyesore, terrible bedouin tent inspired architecture and also a monument named after a foreign king. It's not even genuine Najd architecture anyway. (Edit: incase it's not obvious ---> /s)",5,0,2023-08-15 01:28:39 UTC,4,z80lives,15qeqe6
4,jw680wp,"Correct me if I am wrong, but wasnâ€™t Maldives a bhuddhist country until 12th century ? 

Wasnâ€™t the king then converted by Arabic traders etc to Islam? It seems that the  king then  asked the whole country to convert into Islam. Isnâ€™t that dictatorial. ? 
So the Maldivian Islam seems to have that dictatorial flavour since origin. 

Only new generations can identify the problems that came with it and adopt new modern 21st century ways of living as opposed to 7th century diktats.",3,0,2023-08-14 18:16:05 UTC,10,cuddywifter,15qeqe6
5,jw41jxf,"The state should have no say in what religion people should believe in. 95% of the people from younger generation that I know in Maldives are not religious, or are ""muslims"" because stating otherwise leads to ostracization from society. Most young people here have liberal views but no one says shit because you get death threats or straight up killed for speaking out.",5,0,2023-08-14 07:48:34 UTC,1,Fine-Movie2779,15qeqe6
6,jw4lw60,"I think places of worship for other religions should be there. Not everyone has space to worship in the little rooms with 6 bunk beds shoved into a room. Not saying it needs to be a formal church or temple or anything, just an empty hall that can be used by expats to practice their religion.

As for freedom of religion for Maldivians I donâ€™t think thatâ€™s going to happen without an actual civil war. Most Maldivians arenâ€™t as open minded just yet. We all choose our own sins and judge those that sin differently.",3,0,2023-08-14 11:48:48 UTC,0,tr0wavaii,15qeqe6
7,jw3y2oa,"I was recently discussing this with my family. In my opinion, if Maldives really is a democracy, there should be freedom of religion. I'd say our country is more similar to a religious theocracy now than an actual democracy. Freedom of religion is absolutely a human right. People should have the freedom to believe whatever they want to believe or even believe in nothing at all if they choose to. Otherwise, it's dishonest to call this a democratic country. 

It's up to the people to choose whether we want Sharia or Democracy. There's no middle ground between the 2 as they are completely different systems of governance.

Religion, at the end of the day, is a personal choice. The state cannot and should not enforce any particular religion on the citizens. Even the building places of worship shouldn't be a problem as that also falls under freedom of religion.",3,0,2023-08-14 07:03:31 UTC,4,bicchlasagna,15qeqe6
8,jw4ofxw,"If you go strictly by what the Quran says and what the prophet practiced, non-Muslims are explicitly allowed to practice their religion and they should not be persecuted. It just so happens that Muslim fanatics and leaders with  an intentionally narrow conservative mindset have changed this interpretation to create a hard stance about Islam when itâ€™s actually all about peace and mercy!! 

And as long as these people in power stay in these high places of power influencing Muslims and non-Muslims with their bigotry; Islam will continue to get a bad name. 

And itâ€™s not just about Islam, Hinduism is also going through this turmoil. Just look at whatâ€™s happening in India where far right Hindu fanatics have hijacked the Hindu religion and created a Jihadi version of it. 

Even in Christianity, the rise of intolerant right wing and far right practitioners has given rise to right wing dictators and politicians to power. 

Fortunately, the younger generation of Maldives are mostly liberal with a broad mindset so I feel this bad interpretation of Islam will eventually change when the old generation dies along with these bigoted mindsets. 

This is a good read for those interested. 
https://www.islamreligion.com/articles/374/viewall/rights-of-non-muslims-in-islam/",2,0,2023-08-14 12:11:37 UTC,13,WalkstheTalk,15qeqe6
9,jw3vsy0,"Something I said in an earlier post in here : 

Sure let's just say we do this now.

With religious freedom, it will create new problems on top of all the corruption and struggles maldivians face . Like in Sri Lanka and India, there would be conflicts between different religious groups, leading to fights and violence. It will be hard to find a balance between protecting religious rights and keeping everyone peaceful. 
Political groups wil use religion to create trouble, causing instability and dividing the nation. 

It will mostly bring the country into turmoils on the years ahead. Consider the small communities and tight social structures we have and the divide it would create. On paper yeah it sounds all amazing.  With all on the plate right now  is this really what the people need ????",2,0,2023-08-14 06:34:59 UTC,11,bonbenzo,15qeqe6
10,jw4iosa,yea,1,0,2023-08-14 11:17:44 UTC,0,sweetcornlover444,15qeqe6
11,jwdu8hi,"Ideally yes, all citizens should have the right to believe in their preferred religion or not to believe at all. But for a small county like Maldives, such change cannot happen without major protests / violence. Personally I think Maldives should change to more secular Muslim country where the sole religion is Islam but the law is separate from the religion.",1,0,2023-08-16 03:39:15 UTC,0,heyonuvaane,15qeqe6
12,jw421t3,You are absolutely right. It would create a lot of instability here,-2,0,2023-08-14 07:55:02 UTC,0,Maakanaa,15qeqe6
13,jw431b5,Nah.,-3,0,2023-08-14 08:07:57 UTC,0,Major_Tomatillo_6036,15qeqe6
14,jw435vo,"Nah, this will lead to more and more corruption among the people 
As we already have a lot of western influence as it is",-5,0,2023-08-14 08:09:35 UTC,1,Ancient-Ad-518,15qeqe6
15,jw4jakp,nah,-5,0,2023-08-14 11:23:44 UTC,0,Ravanger_69,15qeqe6
16,jw37qi4,"Will not be done in a Muslim community, shouldn't even be up for debate if you are a Muslim. Non muslims are allowed to / can  practice in private.",-8,0,2023-08-14 02:38:11 UTC,17,8ddh0o,15qeqe6
17,jw3o5ce,Why the need to change the laws. Believe what you want to believe. ðŸ˜. Nothing is stopping you. Oh besides the law. Well fuck it. Haha,-1,0,2023-08-14 05:07:06 UTC,0,Frequent_Plane9734,15qeqe6
18,jw3o3jk,"If we can also fully implement Sharia, then yes.",-9,0,2023-08-14 05:06:34 UTC,8,jjsameer,15qeqe6
19,jw4z34l,"There'll be terrorists not going out of the country but coming in to the country if they change such rules. And pretty sure most Maldivians do not want to coexist with ""kaafarun"". Expats from Phillipines and India are usually already victims of the righteous Maldivians that has been not taught of anything other than Islam.",-2,0,2023-08-14 13:35:46 UTC,1,EconomistNo9224,15qeqe6
20,jw427n6,Also I thought expats were allowed to practice in private.correct me if I am wrong but that has been the case since the early 70s,1,0,2023-08-14 07:57:12 UTC,0,Sh4uki,15qeqe6
21,jwkqecr,[deleted],1,0,2023-08-17 13:48:06 UTC,1,,15qeqe6
22,jw3zfy1,I doubt it'll come anywhere near the Majlis until all the boomers and baby boomers have died off atleast. Society is becoming more and more progressive and liberal everyday so who knows maybe our grandkids might be luckier in that regard.,6,1,2023-08-14 07:20:50 UTC,1,txrant,15qeqe6
23,jw3z8f5,Oh and not to mention that doing something like that here would automatically make you a d@&& and public enemy no 1,1,1,2023-08-14 07:18:12 UTC,0,Sh4uki,15qeqe6
24,jw4jm1v,"Ummâ€¦ religion? Fragile? Where have you been the last 10,000 plus years? The oceans will dry up and the skies scorched before religion disappears. And then thereâ€™s hell to deal with. Better get those cryogenic pods ready. Weâ€™re in for a long ride.",-1,1,2023-08-14 11:26:53 UTC,1,Sh4uki,15qeqe6
25,jw9ombz,"Yeah, it was a bit quiet here for a while. I didnâ€™t want this subreddit to go back to the boring old days ðŸ¤·â€â™‚ï¸",3,1,2023-08-15 11:01:15 UTC,0,Maakanaa,15qeqe6
26,jw8a980,![gif](emote|free_emotes_pack|joy) came here to say this. @maakanaa tsk tsk,1,1,2023-08-15 02:09:52 UTC,2,Sh4uki,15qeqe6
27,jw7vj5g,">It seems that the king then asked the whole country to convert into Islam. 
>Maldivian Islam seems to have that dictatorial flavour since origin. 

Yes, true but it's a myth that the whole country converted in 1153 when ""Dharumavantha"" (likely Sri Thirubhuvana Aditya) converted. We know from written evidence (e.g. Kudahuvadhoo loamaafaanu) that it took atleast a century to form a very syncretic version of local Islam. Scarce documents we have from the period shows that early form of Islam would be unrecognizable to a modern Maldivian. 

Since then over last 7 centuries a lot happened. Neither religion nor culture ever remained static. Islam like any other religion was a dictatorial tool at times, other times it was a tool used  by the lesser nobles and commoners to popularize and weaken the influence of the rulers. There were times Islam was used as an excuse to justify oppression and slavery, but there were also times when it was invoked for egalitarian purpose like ending oppression and slavery (e.g. King Moheydin and Chief Judge Tajjudin). Like any political tool, how religion is used depends on whomever is wielding it.

 Over the centuries we also had kings who tried to impose their version of Islam, Christianity or whatever version of 'Shariah' that was prevalent in that century. As you may know very few succeeded. Some killed their opposition, destroyed old mosques and defunct monastaries, rebuilt mosques that they deemed suitable. Take for example, Sri Rajeswaran(13thCE), Haji Hassan (15thCE) and Mohamed of Dhevadhoo (18thCE); all religious despots who used Islam as a tool but practiced entirely different forms of the faith that would contradict the others.

However, taking account of 800 years of written history very few rulers were actual theocrats. Majority of rulers operated by their own interest not out of spirituality or religion.


>Wasnâ€™t the king then converted by Arabic traders etc to Islam

 This simplified explanation is likely the case for most of the muslim majority places in ""Maritime silk road"", but it's actually more complicated in each case. Also, often ""Arab traders"" were neither arab or not even muslim. Other than religious commodities such as charms, books and artifacts; designs, ideas and architecture from the middle east were exchanged during this period and Islam was just a part of it.

 As we know in Maldives, there were a lot of Sufi proselyters but earliest person we can date is from 13th century. We're  not exactly sure why most of the Vajrayana Buddhist cultures in this route converted to Islam, but there is a hypothesis[1] that it have more to do with the spells, charms and relics the 'Arab' traders were trading. There is also the fact that the religious practices were very much localized by caste or was exclusive to groups, so it fostered an environment for religious syncretism. Unlike parts of North East India and South East Asia, we are not entirely sure about how things were in the Maldives.

However the most likely motivation for adopting Islam in the Maldives may have been political or economic reasons. After all, one of the earliest written records from 12th century is actually property endowment and tax decrees issued by the kings. Based on these documents we know that there seem to have been a radical powershift within the existing system. Conversely, it could have been Islam that triggered this powershift rather than the other way around.

For example, Isdhoo loamaafaanu (~1193ce) by Sri Gagana Aditya documents the execution of monks who opposed the royal order to convert, destruction of their monastaries but then focusing more on abolition of old taxes imposed by previous non-muslim kings and dues for certain influential families. 

Note:
[1] I recall this hypothesis from Michael Feener, don't exactly recall the paper or the title of the book he was citing. It was about how Islam was adopted in the maritime trading route.",6,1,2023-08-15 00:26:47 UTC,9,z80lives,15qeqe6
28,jwejdm7,"Exactly. This is the reality that Boomers are afraid to accept. Live and let live, that's the best policy. But that will never become a reality long as Islamic fundamentalism exists in this country.",1,1,2023-08-16 08:15:41 UTC,0,bicchlasagna,15qeqe6
29,jw41xtj,"if you were a muslim and you truly believe its the one true faith. You would not want all your loved one to sway sway from the path wouldnâ€™t you? Irrespective of human rights and democracy. And as muslims even if itâ€™s not â€œfairâ€ you would want to take advantage of the situation here , for the good of your own faith. I think this is whatâ€™s on most Maldivianâ€™s mind.",-2,1,2023-08-14 07:53:34 UTC,3,Maakanaa,15qeqe6
30,jw5uln3,What about people who want to leave Islam?,2,1,2023-08-14 16:55:56 UTC,12,ValuableCockroach993,15qeqe6
31,jw4bmce,we already have conflicts between religious groups and other minorities. the law as is only serves to hide the crimes being committed against minorities.,5,1,2023-08-14 09:58:51 UTC,0,kitdied,15qeqe6
32,jw421st,"For once Iâ€™d like a take on this other than oh freedom of choice, human right bullshit that youâ€™ve been fed. Face it all countries were built on the beliefs of their masses. Even so called secular, or socialist societies have this debate and the reason they canâ€™t budge is for fear of civil unrest. Maldives is headed in the same direction. And itâ€™s not just because of religious belief only, believe me. I for one think that its either for or against mentality right now. And nobody will budge on this. Neither me nor you. I am pro leaving that in the constitution and you can debate with me personally on this in a DM. Better, it will certainly be more constructive in a face to face talk.",2,1,2023-08-14 07:55:02 UTC,9,Sh4uki,15qeqe6
33,jw5us12,Why are u using reddit which is a western producy? Your hypocricy is boundless.,4,1,2023-08-14 16:56:59 UTC,0,ValuableCockroach993,15qeqe6
34,jw3h47r,So y'all just coming up with your own rules eh. There hasn't been a single Muslim kingdom/ government that hasn't had no Muslims living within their borders. Christians and Jews have lived and were allowed to build places of worship in Muslim kingdoms even in the time of the prophet and the sahabs.,10,1,2023-08-14 03:58:11 UTC,16,q1t0,15qeqe6
35,jw3zzw1,what,2,1,2023-08-14 07:28:03 UTC,6,antheiakasra,15qeqe6
36,jw4193a,Interesting take on that.,0,1,2023-08-14 07:44:34 UTC,0,Maakanaa,15qeqe6
37,jw8dtxc,Arenâ€™t they marrying Maldivians ? I see plenty mixed couples . I hope thatâ€™s a good sign.,1,1,2023-08-15 02:36:03 UTC,0,Sh4uki,15qeqe6
38,jwkvahd,Well said straight on point,2,1,2023-08-17 14:20:38 UTC,0,Huge_Tea_4115,15qeqe6
39,jw483zf,Same boomers and baby boomers out here drinking and partying and snorting cocaine and paying young girls in party drugs to watch them dance and strip for them and fucking prostitutes in private oh but what do I know lmao,2,2,2023-08-14 09:14:36 UTC,0,bananaboatflipper,15qeqe6
40,jw5u9v5,"Are you aware that humans have existed for hundreds of thousands of years? There have been countless religions that have risen and fallen throughout our existence. It is true that religions would likely exist for a long time but it is not entirely out of question that people start valuing ascertainable facts over myths and fables from the ancient past.  

But in any case, forcing people to believe in your religion points to a bigger problem that lies in insecurity and fear of knowledge. 

I know that your religion encourages knowledge UNLESS you start questioning God. Don't you cross the artificial limits set by people who want to control ur thoughts.",0,2,2023-08-14 16:53:57 UTC,0,ValuableCockroach993,15qeqe6
41,jw9ps3t,Ngl i do feel a bit bad but we should be able to have these hard conversations with compassion and a civil way.,2,2,2023-08-15 11:13:04 UTC,1,Maakanaa,15qeqe6
42,jw89lwn,"Exactly my point. Every generation has their own sensibilities, but if you try to hammer at it blindly youâ€™d only end up breaking the table. You canâ€™t disregard the social fabric. Civil society wasnâ€™t built that way. Otherwise the church would still be all domineering, theyâ€™ve had more time to readjust to different forces. The OP asked if it was a good idea to push for a secular societyâ€¦ So while quoting Sanyal (a rewritten history of the Indian Ocean Islands) or the even looking at our own historical accounts (flimsy if any) is all well. I think it would be better to let a sovereign people decide in civil discourse. Those 7th century dicktats built one of the biggest empires and societies in the world. Islam is the fastest growing if not soon to be the biggest religion in the world. I think the 21st century dickwads are doing a great job at peace in Africa and the Middle East too. And while we may be small and we have different opinions I donâ€™t think we are have come close to the problems of so called modern society. One day we hope to be modern too. Who doesnâ€™t want a comfortable life on the beach, right? We have been lucky that way. But yeah sure letâ€™s just get rid of more than 850 years of social coherence because â€˜we used to be Buddhistâ€™, and try to push for a modern society.",1,2,2023-08-15 02:05:10 UTC,7,Sh4uki,15qeqe6
43,jwecfdo,"Thank you for this enlightening, well referred passage. 

I am glad that I asked this question. Led to reveal some interesting points.

Yet to read the replies in detail. I guess I will have to come back to this during the weekend.",1,2,2023-08-16 06:47:33 UTC,0,cuddywifter,15qeqe6
44,jw5v8fw,"Forcing your loved one to obey you doesn't sound a lot like love. It sounds toxic and controlling. Love is all about respecting and understanding eachother.   

Realize that you may not always be right. There is much in this world that you don't understand.",3,2,2023-08-14 16:59:42 UTC,1,ValuableCockroach993,15qeqe6
45,jw42oa3,"That's your personal opinion. Those are your feelings, your emotions. That is not a political statement. All I'm saying is, since Maldives claims to be a democratic country, all rules of democracy must be implemented and followed. I'll stand by my claim that Faith is a personal matter. Eventhough I'm muslim, at the end of the day, people will choose whatever they want to believe, even in my own family. And I have no problem with that. I can advise them but I cannot force them. As the Holy Quran states clearly "" There is no compulsion in religion"".

Religion is a human right. You cannot force your beliefs onto another person or people. That would be an infringement on human rights.",3,2,2023-08-14 08:03:18 UTC,0,bicchlasagna,15qeqe6
46,jw5v7nk,"Let them leave. Every quote in the Quran starts with the line â€œthe most beneficent, the most mercifulâ€. If God really exists, it is a constant reminder that he is a beneficent and merciful! There are many verses in the Quran that reaffirm peace, kindness, forgiveness and tolerance again and again.",0,2,2023-08-14 16:59:34 UTC,11,WalkstheTalk,15qeqe6
47,jw4c3jk,"this country would not function without the labor of expats from diverse backgrounds. we have created a working class of indentured servants who don't qualify for basic rights, minimum wage, representation.

 but we tax them. 

it's not sustainable under any mode of thought, history teaches us that it will lead to more violence than what you have in mind.",3,2,2023-08-14 10:04:40 UTC,2,kitdied,15qeqe6
48,jw5vnvp,"Face to face talk so u can kidnap and threaten them to silence?. I have seen the likes of you before.  

Free thinkers in this country (which I have gladly escaped already) live in constant fear every day.",1,2,2023-08-14 17:02:16 UTC,5,ValuableCockroach993,15qeqe6
49,jw3hmwx,"Yes they were residents already, not Muslim born people, and they were living under certain agreements which were very subjugative from their perspective. It's not a Muslim community fostering their children to change religion.",-4,2,2023-08-14 04:02:55 UTC,15,8ddh0o,15qeqe6
50,jw40h4r,It has all the checks and balances in place for us to live in harmony. The Quran tells us to give freedom of religion. But without those checks and balances it will all go to shit in an instance. Y'all kids better actually study up on our religion before shitting on it online. Also how dare you downvote my comment,-7,2,2023-08-14 07:34:22 UTC,5,jjsameer,15qeqe6
51,jwdgbjr,"Agreed. Also, I think the best way to deal with issues like this is to research a similar dialogue in the past (a reference to either specific books, authors, or follow-up research) or on any such subject. Sadly our written history or any general English corpus is very much on the back of our minds (probably since there hasn't been enough effort to translate those works and put them out to the public). On legal issues and academic dissertations, Saruna would be my first choice. And there are probably a hundred relevant articles (publications by Novelty, dheenuge magu...etc) in dhivehi.",2,3,2023-08-16 01:53:38 UTC,0,Sh4uki,15qeqe6
52,jw8ibom,"I'm not sure if I get what you're saying, but I just want to add something to your answer 

>So while quoting Sanyal

Not that it matters, but I just want to add in case other readers here may not be aware; Sanjeev Sanyal is not a serious historian who specializes in this area of work.

> our own historical accounts (flimsy if any)

Flimsy? You mean Tarikh specifically, or just the few documents we have laying around?

ðŸ˜‚ Yeah, I agree Tarikh manuscripts are biased. After all they all serve a political purpose for Hassan Tajuddin and his family who was very much involved with the events they're talking about. Other than that the first hand records we have from different periods are as close as you can get in terms of historical veracity.


> But yeah sure letâ€™s just get rid of more than 850 years of social coherence

I think my point was to imply we didn't have that religious coherance for 850 years. Tajuddin himself was part of the Sufi Qadiriyya sect which were at first persecuted. 

---
 
I  try to keep my own political and personal beliefs separate from answers I write regarding local historical subjects. 

Personally, I don't think we should take things from history and apply it to our modern society. Things were not perfect in the past. If we take any lesson, better take it as a warning. Our society had a slave system and a caste system, better never regress into that.",4,3,2023-08-15 03:10:32 UTC,6,z80lives,15qeqe6
53,jw9o4og,"That was not my opinion or personal view. I just assumed this was the reasoning behind Maldivianâ€™s against religious freedom. Personally i am for it , but im a bit worried about the conflicts which might occur.",2,3,2023-08-15 10:56:05 UTC,0,Maakanaa,15qeqe6
54,jw8cl9v,"There are verses and hadiths that say the opposite. But since we're cherry picking based on our own standards, we might as well leave those in the past.",2,3,2023-08-15 02:26:49 UTC,10,ValuableCockroach993,15qeqe6
55,jw4ellk,"Right. Take it up with your representative. Itâ€™s voting season. Maybe theyâ€™ll listen â€¦ or pretend to. Me? Iâ€™m trying to help out a friend who was fucked over by a Visa â€˜agentâ€™ guy and has to leave the country or face detainment ( said representative probably gets a cut from said visa guy). My friend will probably end up being my indentured servant in the end. (Heâ€™s not even Muslim and will probably be a bad influence on my kids). Dammit. Thereâ€™s progress for you. You gotta love how shit thrives, in spite of our high ideals.",0,3,2023-08-14 10:33:55 UTC,1,Sh4uki,15qeqe6
56,jw5x3q8,"And youâ€™re a free thinker I assume? I thought so. Op asked about an opinion, we gave ours. When did I bring up hate, conversion or religious bias? If what I said wasnâ€™t in good humor and hurt your sensibility, then you need to step back and grow a pair.  Looks like youâ€™re the one with a personal agenda and youâ€™re crazy if you think I expect a civil conversation from you. Quit whining and get in the ring punk.

Edit: I for one am proud to be a Maldivian. Hell Iâ€™ll even wear a flag on my chest when I beat your punk ass.",-1,3,2023-08-14 17:10:54 UTC,4,Sh4uki,15qeqe6
57,jw3jh3i,Either way your regressive ideals won't last long in this modern day and age,6,3,2023-08-14 04:20:13 UTC,14,q1t0,15qeqe6
58,jw41o5g,"What a shit take. The quran also tells us to execute any apostates. So anyone can choose another religion if they're fine with dying afterwards? ðŸ˜‚

Also, you do realize alot of your precious videogames and music (and not to mention, tons of other stuff) will also be banned under a hard sharia law? ðŸ’€

>Y'all kids better actually study up on our religion

I suggest you do the same.",3,3,2023-08-14 07:50:06 UTC,4,txrant,15qeqe6
59,jw8ql2z,"""It seems that the king then asked the whole country to convert into Islam. Maldivian Islam seems to have that dictatorial flavour since origin.""

I disagree with this. In my opinion, even if we tolerated certain leaders, Maldives was never dictatorial in its essence. And certainly not in terms of religion. Our leaders were always good to their people, even if they were despots and sometimes despised their immediate family. But I think Islam and the power it held in politics was certainly the prominent narrative at the time of Iskandar III when the first constitution was written. The Maldivian identified first as a Muslim. Go ahead and read any speech given in public for the last 50 years.  I think the issue is more complex when it comes to sovereignty.

There's a dialogue here posted by the OP and I was referring to that. And I wasn't making a point against you. But expressly agree with you. History itself is not questionable but historians and their perspectives. And who's to say that there wasn't support for the conversion? The reason that it took many years only goes to show that there was a lot happening. And even if the population converted fearing reprisals, why is this harsher than when the Mayan villages were wiped out by the Spanish? And if we had mass killings there must be mass graves. Besides there was very little incentive to force anything on Maldivians. If Bell's descriptions were right, we are gullible people easily swayed (although fiercely nationalistic) up until we found our footing in more modern times. I would say specifically around Nasir's rule.

The 'historical context' (800 plus years) that I referred to was in terms of sovereignty, nothing else. This debate is about a point in our constitution. But consider this, we haven't had the death sentence in our country except in one previous case and now once again recently If I'm not mistaken. It has never been carried out in modern times. I think that's a sign of cautiousness. And when it comes to letting people practice out in the open we should at least consider our identity,  in spite of history. 'You cut off a people from their history and you cut off their roots.'

It's not just the case of Sanyal, but a few more Indian writers, who wish to have a more central, India-dominant narrative with account to history for the benefit of their technocrat class (I actually think Sanjeev Sanyal has a better grasp of Indian Ocean Histories than most).  And I see no problem with that. They are struggling with the same issues and the current government is aggressively Hindu (India still is very much caste-based by the way, you can see that even in their writing).  And don't even get me started on the bourgeoise classes (still existing) in the West, in spite of the views and warnings of philosophers such as Chomsky, and theorists like Gladwell and Alain de Botton. And the self-made techno-elite (Bill Gates).It's fine to apply modernist thinking from the comfort of a cushioned bed, but let's not forget, there are two main narratives in Maldives. That of an  'elite landowner class', who think that they should be able to enjoy the pleasures of a more hedonistic lifestyle. Even if that means controlling their landowner status at the cost of social unrest. And that of the more common person, who still identifies with their culture and the need to make ends meet. When it comes to the institutions and laws, I think it's better left to the latter. And that in theory is the state. Our state as far as the law rules until now, is one religion. And in a country as small as Maldives, I think that's a good thing (that is my opinion, in spite of coming across as being sarcastic, which I'm not irl). I also think it's a good thing that we are open to creating more opportunities and jobs, and a healthier expat community. And no, I don't think it's a good thing that we take advantage of them. But when it comes to 'allowing' other religions. That's a technicality in the law. Nobody is forcing Islam on others in the Maldives (unlike what some people here think). If you identify as non-muslim. That's your concern. But as per law, yes. You can't be a non-Muslim and be a Maldivian. That can only be changed by law right now. And even if that is changed in my opinion right now one religion is what will work in the Maldives. I can be proven wrong. But I don't see it yet.",2,4,2023-08-15 04:20:41 UTC,2,Sh4uki,15qeqe6
60,jw90xns,I totally glossed over the Sufi part. But I donâ€™t think anyone was persecuted in the Maldives ever for being a Sufi. If someone openly identifies as a Sufi I donâ€™t think many people will find that offensive even now.,0,4,2023-08-15 06:08:08 UTC,2,Sh4uki,15qeqe6
61,jw8yca4,It's always so funny to me when someone says Islam is a religion of peace. ðŸ˜‚,1,4,2023-08-15 05:38:47 UTC,8,txrant,15qeqe6
62,jw97s4k,"Not cherry-picking. By that yardstick, the verses that talk about peace, tolerance and forgiveness out do the ones that talk about punishment and war. And if you pay attention, youâ€™ll see that for every verse that talks about the right to do violence, itâ€™s immediately followed by verses that stress that forgiveness and tolerance is better.",0,4,2023-08-15 07:32:11 UTC,0,WalkstheTalk,15qeqe6
63,jw4fzf4,"yeah that's a very common story here, what we have is human trafficking in broad daylight.

the reason this thrives is because we can't afford the time and energy to get angry about it. time and energy we need to spend on paying sky high rents. voting doesn't work because the representatives are all from the landlord class. there's a minimum amount of money you need to pay to even become a candidate, an amount most people can't make in an entire year.",1,4,2023-08-14 10:49:28 UTC,0,kitdied,15qeqe6
64,jw8cw2m,"As we see, it doesn't take much to bring out their true colors.  
I ain't scared by your childish challenge to me. Lmao. Ur probably a skinny ass dude trying to look tough. I'll whoop ur ass",1,4,2023-08-15 02:29:03 UTC,3,ValuableCockroach993,15qeqe6
65,jw3mbn9,And yours will? lol. Anyways it's irrelevant what you and I think of it. I'm only stating it as it is in a Islamic system. And I for one am very clear about my beliefs and how things will work out in the end.,-2,4,2023-08-14 04:48:13 UTC,13,8ddh0o,15qeqe6
66,jw44sns,Apostates not Kaafirs. Why should you claim a religion if you're unsure of it? I love my music and games. But I admit that for me they are but personal vices. I have studied quite a bit and am very comfortable being Muslim,0,4,2023-08-14 08:30:59 UTC,3,jjsameer,15qeqe6
67,jw9qyso,"I think this is the longest reply I ever got in this platform. (I'm happy someone took time to write a reply)  I already got that you were not making a point against me, I was adding my own opinon to your post. You probably want this conversation with OP not me. I was pretty much making the point against the claim that religion was only a ""dictatorial tool"" narrative, so this whole reply seems a bit moot.  

Tldr, of my post was most rulers used religion for their own person benefit. Also, Islam was adopted slowly over a century, with small scale social changes not with mass violence within 10 years. I'm not sure if you're understanding my post, it doesn't have any subtext. We probably should make a different thread to have your conversation as it's getting off topic.


>was certainly the prominent narrative at the time of Iskandar III

We don't call him Iskandar III, that's not his name and we also don't number our sultans like the British. Sultan Shamsuddin Iskander III is the third king with Shamsuddin name. First was the foreign king, other uncle of dhon bandaara who built kallhu vakaru miskiy and then him. Maldivian sultan's reignal name usually have an identifier to distinguish other than the biruda and full arabic title we get. For example, Dhiyamigili Ibrahim rasgefaanu would be Ibrahim Iskander II and only Iskander rasgefaanu in any context would mean Utheemi Ibrahim Iskander I. Imadduddin II, III and IV is known to Maldivians by 'Muzaffar', 'Mukarram' and 'Muskulhi' prefix other than their local names. 

P.S I guess we have similar political leanings.

Edit: Also want to add since tone doesn't tranlate well in internet, this is a friendly conversation. I just tend to write and ramble a lot when I talk about subjects I'm interested. Just remind me if you think I overstep.",2,5,2023-08-15 11:24:47 UTC,1,z80lives,15qeqe6
68,jw9tfd0,"It's not what you or I think. Sufi Qadiriyya sect like other religious minorities were persecuted. Tajuddin writes about it and he was a member of the sect. Earlier Iskander rasgefaanu kicked the Qadiriyya sects out of Maldives. They came back while his wife Mariyam was the regent, plot against her. Moheyddin brought back his a'lim who was briefly installed as a king.

 Then triggered the period where the ulema practically ruled Maldives and it was almost theocracy. Look at all the reforms made during this period, especially by Dhevadhoo rasgefaanu. A lot of radical social reforms were issued. He also rebuilt a lot of mosques, take a look at kuda huvadhoo mosque contrast between parts of the surviving portion of the old entrance and wall. 

Other than that we had a lot of religious turmoil, the whole war between the goan portuguese, their collaboraters and Utheemu brothers is explicitly described as a religious conflict by Tajuddin himself in Tarikh. In fact first two section of the manuscript is a political and religious treatise.

'Tarikh' is also filled with instances of executions by drowning, burning and beheadings all for different reasons; political, religious or just pissing of the king. There were a lot of treason, scheming and backstabbing  going on, that is hard to summarize in a reddit post. My point is past was not a serene time as some depict, lower class of the society had a harder time surviving.

Edit: Just want to point out a more recent cases of religious persecution you might remember. Few salafi scholars were persecuted in 90s during Maumoon era, some jailed and tortured.",1,5,2023-08-15 11:48:12 UTC,1,z80lives,15qeqe6
69,jw982f9,"Itâ€™s always funny that ignorant people who have never read the Quran and itâ€™s interpretations come online to give certificates  for it ðŸ˜‚. Anyway, since you said this, I advise you to read the Old Testament and itâ€™s almost identical to what you read in the Quran.",1,5,2023-08-15 07:35:48 UTC,7,WalkstheTalk,15qeqe6
70,jw8dc72,Oh wait didnâ€™t you say you werenâ€™t in the Maldives? Meh â€¦why even bother. Drop me a line when youâ€™re here. Since Iâ€™m talking your language now. Try me. Youâ€™ll finally get the whooping your parents should have.,0,5,2023-08-15 02:32:23 UTC,2,Sh4uki,15qeqe6
71,jw3otvw,All religions will go extinct soon enough anyway.,7,5,2023-08-14 05:14:25 UTC,5,q1t0,15qeqe6
72,jw3ysj5,"If you took all the religious books and the science books available in the world and burned them *all*, in 1000 years those science books will be back and be the same (relatively) but I doubt you could say the same about the other books.",2,5,2023-08-14 07:12:31 UTC,6,txrant,15qeqe6
73,jw45kxl,">Apostates not Kaafirs. Why should you claim a religion if you're unsure of it?

If you're forcing every newborn onto islam the moment they're born, they don't really have another choice, do they? ðŸ¤¦â€â™‚ï¸ Where's the freedom of religion in that lmao. 

>But I admit that for me they are but personal vices. I have studied quite a bit and am very comfortable being Muslim

You mean you've picked and chosen haram stuff that you like (that's also in line with modern maldivian society). Like everyone else lol.",1,5,2023-08-14 08:41:26 UTC,2,txrant,15qeqe6
74,jwd6j9r,":joy:Reddit allows long replies. Kind of the point to use it rather than twitter. I shudder to think what will happen if this conversation moved there. Yes, much better to have this conversation privately or face to face. And no I donâ€™t think our thread is off topic. Should  I  also point out: neither the person who responded here to the OP, nor the OP themself have chosen to take part in this discussion. I took offense to the part where the responder oversimplified the case for a reformist view. And I assume he/she meant offense to the Islamic culture (including itâ€™s different orders such as the Hanbali). Like you said itâ€™s easy to confuse these things and for someone to comment without a proper understanding of the sensitivities involvedâ€¦ If anything your response proved that thereâ€™s more to it (thank you). A healthy debate is when thereâ€™s something constructive to add. And Iâ€™ll be more than glad to continue the conversation privately. I agree with you. Reddit is hardly a forum for debate on Maldivian politics or policy. Itâ€™s my opinion that politics in the Maldives is very much tied to religion (Islam).",2,6,2023-08-16 00:45:22 UTC,0,Sh4uki,15qeqe6
75,jwd9axh,"I don't think these issues (religious, political) are unique to the Maldives. And while there may not be open beheadings, drownings, and assassinations (just for pissing the king off)... I hardly think we live in a more tolerant ( political, moral) world now as opposed to then (just my view). Only these things are done even more carefully now so as not to arouse suspicion. And I assume no country or government, secular, democratic, Islamic, or otherwise is sacrosanct in this regard. Maumoon is a whole new chapter. There should be a sub just for him.",1,6,2023-08-16 01:04:42 UTC,0,Sh4uki,15qeqe6
76,jw9bnoo,"I wouldn't consider myself ignorant cause if I *didn't* actually research Qur'an and Islam, I'd still be a devout muslim today.

But you do you, keep picking and choosing parts of the Qur'an you want to follow and parrot, while ignoring the parts you guys don't want to talk about, like all of your peers. ðŸ‘",1,6,2023-08-15 08:22:18 UTC,6,txrant,15qeqe6
77,jw8ravy,Keep barking. It's fun,1,6,2023-08-15 04:27:16 UTC,1,ValuableCockroach993,15qeqe6
78,jw3p1m2,Ya ya sure,0,6,2023-08-14 05:16:47 UTC,0,8ddh0o,15qeqe6
79,jw42g9t,Theyâ€™ve been saying that for the last what the last gadzillion years?,-1,6,2023-08-14 08:00:22 UTC,3,Sh4uki,15qeqe6
80,jw3zeu1,Don't you wanna kill all the people who memorized the books as well? Lol. do you think burning books alone will be enough to remove all knowledge like that? Are you sure? Even in this generation? . I don't know about the other books but the Quran came to us not only via books but also by memorizations through out generations so if you think you can wipe out all of us then think again.,1,6,2023-08-14 07:20:27 UTC,5,8ddh0o,15qeqe6
81,jw46dw2,"You know what the Shahada is right? You bear witness. You can't do that as a kid. Your Islam doesn't come into effect until you bear witness to the claims as an adult. 

A bit of advice: you keep trying to sound smart but are showing your ass here. As I said previously, study your religion before shitting on it. And I don't mean just to learn the talking points from the debators online. Take some time and go on a genuine personal journey studying it. I guarantee you it'll do you good whichever conclusion you come to.

Also, I'm not looking to debate here so this'll be it.",0,6,2023-08-14 08:52:05 UTC,1,jjsameer,15qeqe6
82,jw9xyeu,"â€œDevout Muslimâ€ according to whom? And why? 

If you have really read and researched the Quran, you would have known that
Itâ€™s a one to one connection between god and you..: itâ€™s not at all a hard religion unlike what muslim preachers and non Muslims want everyone to believe 

Islam in my opinion is a just a way of life - to be a nice ethical person. And thatâ€™s about it.

All the other things muslim do are just rituals that many devout Muslims indulge it; not mandatory things the Quran asks you to do. 

Of course there are bad things in Quran but we have to apply common sense and see it from the historical time and society of those days when it was imposed upon.

I donâ€™t prescribe to what conservative and ignorant hard stance Muslim preachers and extreme leaders preach or dictate how a Muslim should live their life. People who blindly follow them are just too lazy to research and critique Islam. So, they grow up following this ritualistic pattern of Islam which they pass on to their next generation.

You can still be a Muslim and enjoy everything life has to offer. No need to turn agnostic or atheist. Fuck the mullahs!!",1,7,2023-08-15 12:27:17 UTC,2,WalkstheTalk,15qeqe6
83,jw9h04m,And enlighten me on why you believe otherwise.,0,7,2023-08-15 09:31:32 UTC,2,Culture_D,15qeqe6
84,jw8rgpy,Oh wait. Its a bot. Should have known. Dont flatter yourself. Just bored today at work.,0,7,2023-08-15 04:28:47 UTC,0,Sh4uki,15qeqe6
85,jw464nt,"But this is the first real generation with the internet. ðŸ˜‰ It's no coincidence more young people are less and less religious nowadays, though I doubt religion will ever truly go extinct.",1,7,2023-08-14 08:48:49 UTC,2,txrant,15qeqe6
86,jw40dw0,"You're being pedantic, my point was that the science won't change even though the new religious texts will undoubtedly be different from the first.

>And d you think you can vipe out all of us then think again.

Calm down it's just a discussion, no one's wiping anyone ðŸ’€",2,7,2023-08-14 07:33:11 UTC,4,txrant,15qeqe6
87,jw473zj,">You know what the Shahada is right? You bear witness. You can't do that as a kid. Your Islam doesn't come into effect until you bear witness to the claims as an adult. 

Wait wait hold on, so you mean just say no I don't want to be a muslim after becoming an adult and just be completely ostracized by my religious family instead? ðŸ˜‚ Yeah that's so much better, thanks.

>Take some time and go on a genuine personal journey studying it. I guarantee you it'll do you good whichever conclusion you come to.

I did just that, and was just left dumbfounded people blindly and ignorantly continued to believe in something so outdated. So mission accomplished I guess. ðŸ¤·â€â™‚ï¸ 

>Also, I'm not looking to debate here so this'll be it.

Take care.",3,7,2023-08-14 09:01:33 UTC,0,txrant,15qeqe6
88,jwe4of2,"Then you might want to consider a sect other than sunni. Sufism perhaps? You are not following the sunni ideals.  

As for myself, I don't believe there is a God, and see no need to adhere to a bunch of laws and practices created by desert dwellers who didn't know any better.",1,8,2023-08-16 05:18:30 UTC,1,ValuableCockroach993,15qeqe6
89,jw9is3b,"Scientific errors, for one. Whatever scientific that's in the quran is just limited to the knowledge of those days, things like flat earth, geocentricism, creationism, etc.  

The way and order the prophet received revelations is another one but I'd rather not talk about that part here (mainly cause I don't want to disrespect someone that's so highly revered in a religion anymore than I need to.)

I did my own research and debated with various religious people about my doubts *for my own sake*, and I've since come to peace with it. 

(P.S: I consider myself agnostic, not an atheist, btw)",1,8,2023-08-15 09:53:50 UTC,1,txrant,15qeqe6
90,jw47143,"Yeah my biggest fear right now is that one day Iâ€™ll wake up to see the internet gone, (completely crazy I know). Second to that is that Iâ€™ll see Qasim as president next year. What wonderful times we live in.",1,8,2023-08-14 09:00:31 UTC,1,Sh4uki,15qeqe6
91,jw42mui,You're joking right? Coz if you look at the books the science ones are getting changed almost every day as new research and what not comes to effect.  Many scientific understandings have changed even in the past decade. My book however hasn't changed since it came into effect and has been inline with the previous scriptures ( the non modified ones). Earlier scientific research in fields like medical/methametical/ were sometimes done by religious people as well. So by saying science what do you actually mean?  like do you think there is nothing scientifically relevant in religion?,3,8,2023-08-14 08:02:47 UTC,1,8ddh0o,15qeqe6
92,jw6s3x8,"No shit Sherlock, it only makes sense that a person on their own, armed with science or not, is incapable of finding out how God wants us to live our life. In Islam we **believe** God is all-knowing and therefore knows how humans ought to live their life.   
  
More importantly let's talk about the site Wikiislam which you provided a link for below. They describe themselves as a non-political and non-religious wiki that is neutral towards religions.  
  
This is questionable af when u consider the founder of the site is an [anti-Islam fanatic who says Islam is a political cult](https://en.wikipedia.org/wiki/Ali_Sina_(activist)#Reception) while the site is owned by a [non-profit organization](https://en.wikipedia.org/wiki/Ex-Muslims_of_North_America#) advocating for religious dissent. -- **This is like getting your info about Jewish beliefs from nazis.**  
  
Infact a swedish theologian called WikiIslam an Islamophobic web portal with stories **selected** only to show that Muslims are ""ignorant, backward or even stupid""  
  
Do you realize how extreme you have to be to get called an islamophobe by a Swedish professor?

You can find more sources discrediting the sites neutral stance [here](https://en.wikipedia.org/wiki/WikiIslam#Reception) and [there](https://en.wikipedia.org/wiki/Ex-Muslims_of_North_America#WikiIslam). 

To answer OP's question, I think people should have the freedom to choose their religion however, I am not sure how/if we can implement that into the law without civil unrest and I am skeptical it will get any easier in the future but hey, it is nice to think evil will die away and good will prevail while your snug in your cozy epistemic bubble. 

~~Have a nice day!~~",1,8,2023-08-14 20:16:27 UTC,1,Omnikaalhu,15qeqe6
93,jwf1cae,"Why? Why should I adhere to any ideals when the Quran is clear enough to guide you? And there is no reason to turn atheist or agnostic to realize this. 

There is no concepts of Shia or Sunni in the Quran. Sunni and Shia were/are just political creations after the Prophetâ€™s death in the wild struggle for political power in his absence. In the quest to legitimize and claim one was better over the other - rituals, narratives, morals and selective interpretations were ideated and created. After all, religion is a powerful opium to unite and control mass populations. As if the violent genocidal Crusades are testimony to this, the Second World War and the sectarian and communal strifes since then across the world is enough testimony how religion can be used to spread hate, violence, intolerance and bigotry.  

In its truest essence, Sufism is perhaps the best way to embrace Islam but unfortunately, itâ€™s given a mystical Rastafarian tone while Sunnis and Shias want to outdo each other as the best version of Islam ðŸ¤·ðŸ»â€â™€ï¸. In the meantime,  anti-Muslims and ignorant ex-Muslims stigmatize it as a violent religion thatâ€™s more interested in the rewards of the afterlife than the current life. 

If more Muslims and Non Muslims read and re-read the Quran in its entirety and also spend time reading its different interpretations by different authors/theologians/ex-Muslims/new Muslims; youâ€™ll get the realization that itâ€™s a unnecessarily maligned religion and I am pretty sure, not what God wanted to tell. 

I have also read the Bible (both the new and old) and itâ€™s many interpretations, the Torah and also the Vedas and Bhagwad Gita of Hinduism and I believe all of them preach the secular oneness of god ultimately and preach elementary advice - that to be a good person and live an ethical altruistic kind happy life.

All the dogmas, rules and rituals associated with these religions are all actually man-made for nefarious political reasons, that have only worsened over the ages.",1,9,2023-08-16 11:41:36 UTC,0,WalkstheTalk,15qeqe6
94,jwa0y5q,"So the flat earth is false. I'm sure you were referring to the part where it was said that the sun was descending on the sea. But here it was referring to how it seems like.  Not a factual statement. The second point is once again a problem with the context. Third is a matter of belief. Especially when it is proven that humans did not come from apes. 

My English isn't perfect so I can't explain in detail. Sorry for that.",0,9,2023-08-15 12:47:54 UTC,0,Culture_D,15qeqe6
95,jw47ky5,"Is Qasim really the frontrunner for the election? Lmaoo 

Haven't been home in years so had no idea ðŸ’€",1,9,2023-08-14 09:07:41 UTC,0,txrant,15qeqe6
96,jw43yre,">You're joking right? Coz if you look at the books the science ones are getting changed almost every day as new research and what not comes to effect

That's why I said relatively, in my first comment. Things like Newton's laws of motion, Evolution ,etc, will be the same.


>Earlier scientific research in fields like medical/methametical/ were sometimes done by religious people as well.

....ok but what's that got to do with the quran itself? Just cause a muslim made some discoveries you think it's cause of the quran? ðŸ’€

I think there's nothing scientifically relevant in religion, yes. It's full of holes and whatever scientific things that's in the quran is just in line with the knowledge from those days, (Like the earth being the center of the universe, sun revolving around the earth, flat earth, etc), there's literally nothing revolutionary. 

[Try giving this a read sometime if you're still curious](https://wikiislam.net/wiki/Scientific_Errors_in_the_Quran) or don't. and just stay ignorantly believing in something your parents told you to, idc it's your life lol.",2,9,2023-08-14 08:20:08 UTC,0,txrant,15qeqe6
97,jw71zkh,"Man describes website and org behind the website promoting the flaws in a religion as anti-religion. Well, no shit? ðŸ˜‚ 

None of what you said changes the fact that the stuff on there, is mainly true. 
None of what you said changes the fact that the Qur'an is riddled with holes and scientific errors, and was in line with the knowledge of *that time,* regardless of the website.",-1,9,2023-08-14 21:14:06 UTC,0,txrant,15qeqe6
