ID,Text,Upvotes,Depth,Created Timestamp(UTC),Replies,Author,Post ID,Parrant Comment ID,Text Length,Edited,Is Submitter,Subreddit Name,Student_1,Student_2,Student_3
jkb0xuj,"Haha thanks,",1,1,2023-05-16 00:32:11 UTC,0,NewJeanzies,13i8by9,t1_jkb0a6e,12,FALSE,True,maldives,,,
jno5mjc,Fr yeah that would be good for a change,3,4,2023-06-10 15:59:16 UTC,0,stxirs,145qtlt,t1_jnnkvou,39,FALSE,False,maldives,,,
jpy906z,Ty so much. It sounds like a lot to do and enjoy. ‚òÜ,2,1,2023-06-29 03:53:44 UTC,0,Independent-Ad7972,14lfnpf,t1_jpy8gle,51,FALSE,True,maldives,,,
js2patg,"This got a lot of comments, that's a good start.",3,0,2023-07-15 15:21:05 UTC,0,AndhuAsiph,14z6nnb,t3_14z6nnb,48,FALSE,False,maldives,,,
jrzz8h8,Where can you find the best burgers in maldives?,2,0,2023-07-14 23:10:47 UTC,19,Maakanaa,14zbug4,t3_14zbug4,48,FALSE,False,maldives,,,
js16xiy,Beef burger is the best thing in the whole world there you‚Äôd wanna get married to it.,1,4,2023-07-15 05:33:31 UTC,5,Fenfolhi,14zbug4,t1_js16vif,85,FALSE,False,maldives,,,
jsapba3,"How tempting it sounds, I'd rather not, haha. 
Thanks for the offer though.",5,4,2023-07-17 08:45:54 UTC,1,Csprr,151vnf9,t1_jsap22k,75,FALSE,False,maldives,,,
jsnkyt9,HAHA,1,1,2023-07-19 22:48:02 UTC,0,stxirs,153f6vr,t1_jsjwgjs,4,FALSE,False,maldives,,,
jsk9vs6,I know right! ducks look too cute,1,1,2023-07-19 07:49:33 UTC,0,burgerman000,153nbrh,t1_jsk9si9,33,FALSE,True,maldives,,,
jt54zdo,"Haha, you are too funny. All the mods of /r/maldives are maldivians, including me. üòÑ",2,0,2023-07-23 17:08:31 UTC,7,xayan123,1571b4z,t3_1571b4z,84,FALSE,False,maldives,,,
juslahn,Nice!,2,0,2023-08-04 18:22:39 UTC,0,primary0,15i1872,t3_15i1872,5,FALSE,False,maldives,,,
juwdg7x,Yooo üò≠üò≠,4,0,2023-08-05 14:02:48 UTC,0,heyonuvaane,15iuvoc,t3_15iuvoc,7,FALSE,False,maldives,,,
jv0dh2f,Meer.food on instagram. Personally I think they're the best food place in town.,2,1,2023-08-06 09:24:47 UTC,1,dhonayya20,15jh5ts,t1_jv05rpu,79,FALSE,False,maldives,,,
jv3tpy7,I love dota 2. I follow the pro scene and watch all the games religiously,3,0,2023-08-07 01:39:52 UTC,1,holyperineum,15jobmx,t3_15jobmx,73,FALSE,False,maldives,,,
jv4llji,I hear good things about DOTA 2. my cousin plays it,2,1,2023-08-07 06:06:45 UTC,0,burgerman000,15jobmx,t1_jv3tpy7,51,FALSE,True,maldives,,,
jvcqt7b,Sweet. I'll add you.,2,4,2023-08-08 21:03:52 UTC,0,katsuwonis,15jobmx,t1_jv9r0o5,20,FALSE,False,maldives,,,
jwgxncf,thats a nice cat if I ever seen one,2,0,2023-08-16 18:59:57 UTC,2,BuruceWayne,15s1w0f,t3_15s1w0f,35,FALSE,False,maldives,,,
jxajyzi,That divehi hand writing is better than  mine üòÖ,1,0,2023-08-22 16:46:44 UTC,0,YASH_THE_FIRST11,15y3300,t3_15y3300,47,FALSE,False,maldives,,,
e6jh4mv,Definitely better than the other option,4,1,2018-09-24 10:03:32 UTC,0,oyster_bundumtum,9idl8l,t1_e6jatat,39,FALSE,False,maldives,,,
eq3z6yz,"Nice, the new igmh building really stands out huh",2,2,2019-06-05 20:17:48 UTC,0,hypespren,bx0p0q,t1_eq3z240,49,FALSE,False,maldives,,,
ex7gdmr,Sorry should have added that I love the footage,1,2,2019-08-17 16:41:12 UTC,0,RockerDawg,crk1ih,t1_ex77jej,47,FALSE,False,maldives,,,
exdc79m,"Yay :)

Edit: Qatar app?",2,0,2019-08-18 23:59:00 UTC,1,CatKungFu,cs18o4,t3_cs18o4,24,FALSE,False,maldives,,,
eybt9ul,Thanks. This was taken by my parents.,2,1,2019-08-28 11:23:57 UTC,0,sofierylala,cwcmlz,t1_eyb3sx0,37,FALSE,True,maldives,,,
fhs3g9m,Very nice! Might be going to the Maldives later in November - looking forward to it.,2,0,2020-02-16 11:18:47 UTC,0,chinmoylad,f4do3p,t3_f4do3p,84,FALSE,False,maldives,,,
fzal5nd,It's actually independence day. But thank you,3,0,2020-07-26 11:50:51 UTC,1,Voidvicer,hy4ntj,t3_hy4ntj,45,FALSE,False,maldives,,,
gdtmpyf,"Oh cool! No he left Villa ages ago, about ten years ago.",2,3,2020-11-28 01:25:35 UTC,0,sofierylala,k2d1ow,t1_gdtmmr2,56,FALSE,False,maldives,,,
ggqwtp0,Is there a good time of year to try to see this??,2,0,2020-12-23 00:25:19 UTC,1,findmepoints,kifvol,t3_kifvol,49,FALSE,False,maldives,,,
gijk4e1,"Thank you so much for highlighting this, it has now been updated!",1,1,2021-01-08 14:25:44 UTC,0,5Media,kt2nzm,t1_gijja45,65,FALSE,True,maldives,,,
gnmsa7z,True.,2,2,2021-02-16 10:10:16 UTC,0,00YOMAN,lkl5xs,t1_gnlu7in,5,FALSE,False,maldives,,,
gq7vwew,Wow beautiful!,3,0,2021-03-08 15:28:56 UTC,0,OuchieMyPwussy,m0hn2x,t3_m0hn2x,14,FALSE,False,maldives,,,
gsrhree,"Lucky you, this place is truly amazing!
Thanks for reaching out, we are having a blast",2,1,2021-03-30 03:21:22 UTC,1,chefvegas,mdpwen,t1_gsb482z,86,FALSE,True,maldives,,,
guctwja,"Thank you for the wonder video,this is peace",1,0,2021-04-13 10:32:32 UTC,0,nathiyadlk,mge8w1,t3_mge8w1,44,FALSE,False,maldives,,,
guctsoo,Beautiful View!!,1,0,2021-04-13 10:30:53 UTC,0,nathiyadlk,mjwl9r,t3_mjwl9r,16,FALSE,False,maldives,,,
jlpiiw5,Damn lots of Maldivians here,2,0,2023-05-26 15:08:09 UTC,0,Bird_Unusual,13i8by9,t3_13i8by9,28,FALSE,False,maldives,,,
jobjl5o,Check out the greyhound bus murder,1,2,2023-06-16 06:14:54 UTC,0,bananaboatflipper,149alwt,t1_jo7lk06,34,FALSE,False,maldives,,,
jq3vjhk,That sounds so sad. I hope things improve :(,1,1,2023-06-30 09:05:18 UTC,3,sparklefield,14lfnpf,t1_jpzmfci,44,FALSE,False,maldives,,,
jrxln14,"Yes, they are a sin that guarantees hell",0,3,2023-07-14 13:30:53 UTC,0,Major_Tomatillo_6036,14z6nnb,t1_jrxjxs0,40,FALSE,False,maldives,,,
js16asl,yeah finding genuine friends do seem hard but idk I just want to do the grind for it,1,1,2023-07-15 05:26:24 UTC,0,burgerman000,14zbug4,t1_jrx8uuh,84,FALSE,True,maldives,,,
js8r3tx,Yess my man. We can be friends. Its that simple. For me even aside their burgers bigman is a place where you spend a lot of money but you don‚Äôt regret it.,2,2,2023-07-16 21:44:53 UTC,4,Maakanaa,14zbug4,t1_js11fy0,154,FALSE,False,maldives,,,
js6wxt7,just kill all the strays.,-7,0,2023-07-16 14:10:23 UTC,5,Package_Some,1513z7e,t3_1513z7e,25,FALSE,False,maldives,,,
jsap22k,"my mum likes to make rihaakuru in a certain way! can you try it and let me know if you hate it 

asking for science purposes",5,3,2023-07-17 08:42:13 UTC,2,burgerman000,151vnf9,t1_jsaozld,124,FALSE,True,maldives,,,
jsk5c03,Yeah these were brutal,1,1,2023-07-19 06:51:38 UTC,0,burgerman000,153f6vr,t1_jsjwgjs,22,FALSE,False,maldives,,,
jstf6re,That is an interesting take and yeah we need some kind of punishment for people to abstain from littering,1,0,2023-07-21 02:42:02 UTC,0,burgerman000,154w6xp,t3_154w6xp,105,FALSE,False,maldives,,,
jupybx2,Enabled. Let's see how this shit plays.,1,0,2023-08-04 04:35:20 UTC,0,primary0,15gpiun,t3_15gpiun,39,FALSE,True,maldives,,,
jv1r3xf,Modded Skyrim is the shit. That's what I mostly played. Now l don't play much.,3,0,2023-08-06 16:46:34 UTC,1,CarelessNightingale,15jobmx,t3_15jobmx,78,FALSE,False,maldives,,,
jvronlt,Bad idea! I found someone else,1,0,2023-08-11 18:52:25 UTC,0,beastboiiii77,15kluod,t3_15kluod,30,FALSE,False,maldives,,,
jw3o5ce,Why the need to change the laws. Believe what you want to believe. üòù. Nothing is stopping you. Oh besides the law. Well fuck it. Haha,-1,0,2023-08-14 05:07:06 UTC,0,Frequent_Plane9734,15qeqe6,t3_15qeqe6,133,FALSE,False,maldives,,,
jw4bmce,we already have conflicts between religious groups and other minorities. the law as is only serves to hide the crimes being committed against minorities.,6,1,2023-08-14 09:58:51 UTC,0,kitdied,15qeqe6,t1_jw3vsy0,153,FALSE,False,maldives,,,
jw8cw2m,"As we see, it doesn't take much to bring out their true colors.  
I ain't scared by your childish challenge to me. Lmao. Ur probably a skinny ass dude trying to look tough. I'll whoop ur ass",1,4,2023-08-15 02:29:03 UTC,3,ValuableCockroach993,15qeqe6,t1_jw5x3q8,190,FALSE,False,maldives,,,
jwj4y87,It will take generations to get rid of the stupids here .,2,0,2023-08-17 03:52:14 UTC,1,loothe,15sejny,t3_15sejny,57,FALSE,False,maldives,,,
jwgg940,"Damn, that sounds horrible. One of my relatives also had schizophrenic episodes, but she is doing much better now. Thankfully she actually went to see a psychiatrist, and got meds, etc.",1,2,2023-08-16 17:17:34 UTC,0,CarelessNightingale,15sejny,t1_jweidiu,185,FALSE,False,maldives,,,
jwx2zs6,"As a dhivehi living overseas, this hurts!",2,0,2023-08-19 22:05:37 UTC,0,IAmNotAmusedAnymore,15ufyas,t3_15ufyas,41,FALSE,False,maldives,,,
exco6jk,It‚Äôs a shame in my opinion though that this was knocked down... it was a beautiful house to grow up in and it felt like losing a bit of the old culture when it was knocked down.,3,1,2019-08-18 19:10:47 UTC,0,sofierylala,crqtyc,t1_exbsy54,177,FALSE,True,maldives,,,
fxvzylw,Stunning. Where is that. Looks incredible,3,0,2020-07-13 01:56:27 UTC,2,Craiggem,hq66ym,t3_hq66ym,41,FALSE,False,maldives,,,
ghzp7s6,"OMG imagine how many sharks were killed for this, my heart breaks.",5,0,2021-01-03 20:37:34 UTC,4,,kpq3h7,t3_kpq3h7,66,FALSE,False,maldives,,,
gi07gmr,"Dho, so sick",3,1,2021-01-03 22:56:46 UTC,0,sofierylala,kpq3h7,t1_ghzp7s6,12,FALSE,True,maldives,,,
gixjlu5,"Shark are very important for the sea, killing them does alot of damage to the whole sealife",1,3,2021-01-11 21:53:39 UTC,0,,kpq3h7,t1_gi0txqe,91,FALSE,False,maldives,,,
h9e0nii,"Can't get Justice.government officials only care about themselves.even if you have a recording of theft,there have been cases of dismissal",1,2,2021-08-18 08:44:34 UTC,0,pine_cornelius,m2yyo1,t1_h9br0rk,138,FALSE,False,maldives,,,
gyud2ei,Shit got reeeeeeeal personal now,1,0,2021-05-20 17:02:23 UTC,0,KamikazeBee-,nfejhl,t3_nfejhl,32,FALSE,False,maldives,,,
ha0zek8,"The Thinadhoo Genocide cannot be justified. But I personally, am all for ""One Nation"" and that one nation be Maldives.",4,0,2021-08-23 12:55:34 UTC,5,,p9wph3,t3_p9wph3,118,FALSE,False,maldives,,,
hz0pgak,Who gives  a shit. Let th white people take care of it. Not our fucking problem.,3,0,2022-03-02 06:34:21 UTC,11,q1t0,t4gjgf,t3_t4gjgf,80,FALSE,False,maldives,,,
hztryo8,Awww poor baby. Always playing the race card instead of doing something about it. Must suck to always blame someone else because you suck at life.,2,5,2022-03-08 11:50:06 UTC,1,,t4gjgf,t1_hz1fxxe,146,FALSE,False,maldives,,,
jk98dy2,"Nop, im from
Maldives",7,0,2023-05-15 17:05:13 UTC,0,shauts,13i8by9,t3_13i8by9,21,FALSE,False,maldives,,,
jka8czi,Probably,4,0,2023-05-15 21:02:07 UTC,0,first-firefly,13i8by9,t3_13i8by9,8,FALSE,False,maldives,,,
jk8u293,no,2,0,2023-05-15 14:59:22 UTC,0,Ravanger_69,13i8by9,t3_13i8by9,2,FALSE,False,maldives,,,
jklz4qv,Looks like There‚Äôs few maldivian here including me tooüôÉ,2,0,2023-05-18 08:18:05 UTC,0,Sad_Barracuda8046,13i8by9,t3_13i8by9,55,FALSE,False,maldives,,,
jltyfbv,Nah. In a Maldivian Too,2,0,2023-05-27 15:23:59 UTC,1,gooburiya,13i8by9,t3_13i8by9,23,FALSE,False,maldives,,,
jm1wj6d,Hi,2,0,2023-05-29 09:59:35 UTC,1,Amazing_Tackle8170,13i8by9,t3_13i8by9,2,FALSE,False,maldives,,,
jm7lmq2,Nun tha ekani nun bro,2,0,2023-05-30 15:11:58 UTC,0,mishalibrxxhim,13i8by9,t3_13i8by9,21,FALSE,False,maldives,,,
jmchmal,Na,2,0,2023-05-31 15:03:35 UTC,0,Green-Indication1006,13i8by9,t3_13i8by9,2,FALSE,False,maldives,,,
jmgi7wz,ﬁáﬁ¶ﬁáﬁ® ﬁéﬁ¨ﬁêﬁ∞ÿü,2,0,2023-06-01 10:20:25 UTC,2,National-Cut-1128,13i8by9,t3_13i8by9,10,FALSE,False,maldives,,,
jmj3qkj,Vedhaane :,1,0,2023-06-01 21:16:52 UTC,0,SmartMouth69,13i8by9,t3_13i8by9,10,FALSE,False,maldives,,,
jneit2t,no I am one too.only I speak a bunch of English.,1,0,2023-06-08 15:07:48 UTC,0,Kind_Ad5385,13i8by9,t3_13i8by9,48,FALSE,False,maldives,,,
jm9yfse,Koacchekey,1,1,2023-05-31 00:33:55 UTC,0,NewJeanzies,13i8by9,t1_jm8bohv,10,FALSE,True,maldives,,,
jmhhgzs,Bro you got negative comment karamaüíÄ,2,1,2023-06-01 15:11:36 UTC,1,joexhat,13i8by9,t1_jmgi7wz,36,FALSE,False,maldives,,,
jlpixkv,Lmaoooo,2,3,2023-05-26 15:10:47 UTC,0,Bird_Unusual,13i8by9,t1_jkheks8,7,FALSE,False,maldives,,,
jm5v9a6,Yo check DMs bro,1,1,2023-05-30 04:24:40 UTC,0,ImmortalShells,13pmgaw,t1_jla88gx,16,FALSE,False,maldives,,,
jq2f0lw,Reddit ga aslu varah Madhu dho ulhey meehun. Compared to other SM apps. But I like it here.,1,0,2023-06-30 00:21:11 UTC,1,STORMCHASER_MVD,145qtlt,t3_145qtlt,91,FALSE,False,maldives,,,
jnv5fm4,ekam why are you staring at random girls just trying to get by in public,5,1,2023-06-12 04:26:43 UTC,2,antheiakasra,145qtlt,t1_jnqsycm,72,FALSE,False,maldives,,,
jo7k6n8,Start listening to comedy stuffs and motivational podcasts,3,0,2023-06-15 10:17:06 UTC,1,Feisty-Bag-9374,149alwt,t3_149alwt,58,FALSE,False,maldives,,,
jp28w36,"ü´† definitely not the only one 
It‚Äôs pretty normal",1,0,2023-06-22 06:28:49 UTC,0,AffectionateShock184,149alwt,t3_149alwt,49,FALSE,False,maldives,,,
jo7lmbg,Peace ‚úåÔ∏è,2,3,2023-06-15 10:35:56 UTC,0,dhym002,149alwt,t1_jo6qezp,8,FALSE,True,maldives,,,
joz187i,Cafe Thaaseer,2,0,2023-06-21 15:39:03 UTC,0,AndhuAsiph,14evkzw,t3_14evkzw,13,FALSE,False,maldives,,,
joyqgdq,Miss their chicken rice,1,1,2023-06-21 14:24:58 UTC,0,Fenfolhi,14evkzw,t1_joyerk1,23,FALSE,True,maldives,,,
jp1wj1k,"Yes, and now there is a cafe too (more clean and neat) in Maafannu.",1,2,2023-06-22 04:11:25 UTC,0,AnxiousCockroach1341,14evkzw,t1_jozavgg,67,FALSE,False,maldives,,,
jqx0k0r,Agree with this!,6,0,2023-07-06 17:44:48 UTC,0,thahutte,14sd5fh,t3_14sd5fh,16,FALSE,False,maldives,,,
jrwxtkd,So what controversial stuff is happening right now,2,0,2023-07-14 09:35:20 UTC,0,burgerman000,14z6nnb,t3_14z6nnb,50,FALSE,False,maldives,,,
js0c7x1,"Dope stuff, sums it up.",1,0,2023-07-15 00:51:34 UTC,0,Sh4uki,14z6nnb,t3_14z6nnb,23,FALSE,False,maldives,,,
jrwoa7u,maybe it's just me but this was much creepier than it needed to be,2,1,2023-07-14 07:24:46 UTC,1,antheiakasra,14z6nnb,t1_jrwenuz,66,FALSE,False,maldives,,,
js0y89e,Yup. Maldivian. Shoot,1,1,2023-07-15 04:01:42 UTC,2,dhym002,14z6nnb,t1_js01cgk,21,FALSE,True,maldives,,,
jrwogno,"This is reddit, there is no snowflake filter",0,2,2023-07-14 07:27:08 UTC,0,campramiseman,14z6nnb,t1_jrwoa7u,44,FALSE,False,maldives,,,
js4t16y,If you find the link could u post it here,1,3,2023-07-16 00:46:58 UTC,1,stxirs,14z6nnb,t1_jrwxbie,41,FALSE,False,maldives,,,
js2xkxp,"My friends are from school, no one came to be that close and others were just temporary.",2,0,2023-07-15 16:20:56 UTC,1,AndhuAsiph,14zbug4,t3_14zbug4,88,FALSE,False,maldives,,,
js11fy0,I hear it's bigman,3,1,2023-07-15 04:34:15 UTC,18,burgerman000,14zbug4,t1_jrzz8h8,18,FALSE,True,maldives,,,
jrx8w6p,Beynun,1,1,2023-07-14 11:44:11 UTC,0,Fenfolhi,14zbug4,t1_jrx4inu,6,FALSE,False,maldives,,,
jrxquk2,"I know of four and am part one two. It's one of the few clean social outlets left, I think",1,2,2023-07-14 14:08:26 UTC,6,Bykadelik,14zbug4,t1_jrxqbkz,90,FALSE,False,maldives,,,
js351pn,what do you do for work ??,1,3,2023-07-15 17:14:01 UTC,5,burgerman000,14zbug4,t1_js2xr3t,26,FALSE,True,maldives,,,
jrxx1jy,Let's get you aquatinted,1,4,2023-07-14 14:53:39 UTC,4,Bykadelik,14zbug4,t1_jrxsda1,24,FALSE,False,maldives,,,
jryqr05,I would like that,1,5,2023-07-14 18:06:54 UTC,3,burgerman000,14zbug4,t1_jrxx1jy,17,FALSE,True,maldives,,,
js1sf11,is there a country that let's you marry a beef burger ?,1,7,2023-07-15 10:12:37 UTC,2,burgerman000,14zbug4,t1_js1kjtk,55,FALSE,True,maldives,,,
