ID,Text,Upvotes,Depth,Created Timestamp(UTC),Replies,Author,Post ID,Parrant Comment ID,Text Length,Edited,Is Submitter,Subreddit Name,seethal positive,seethal nagative,seethal neutral,twitter positive,twitter nagative,twitter neutral,finiteautomata positive,finiteautomata nagative,finiteautomata neutral,seethal label,twitter label,finiteautomata label,final label
jbnt8n9,"Thank you so much for taking so much time and effort to reply in this level of detail.

This is way more than I ever hoped to get. 

&#x200B;

>I might have some photographs and relevant documents possibly from the declassified archives. I can link it here in an edits if it is relevant to you and if it's not against this subreddit's rule.

I think I have more than enough for the game, so don't want to impose on your time if you are busy, or if it's too much effort. In case you get some free time, please do share -  would love to read, just out of curiosity/interest - I am sure rest of the subreddit would appreciate it as well.  

In the meantime, will try to process all of the info you have shared. 

Thank you once again. 

PS: It's a relatively obscure game mod, but if there is something I can do to acknowledge your help within the mod (like giving a political advisor or military commander a name of your choice, or including some easter egg), please do let me know.",2,1,2023-03-10 11:16:55 UTC,0,Chocolate_Horlicks,11mscwj,t1_jbnqqau,980,FALSE,True,maldives,0.991235852,0.001080285,0.00768382,0.80924052,0.017933248,0.172826245,0.219258964,0.003471002,0.777270079,positive,positive,neutral,positive
jkb0xuj,"Haha thanks,",1,1,2023-05-16 00:32:11 UTC,0,NewJeanzies,13i8by9,t1_jkb0a6e,12,FALSE,True,maldives,0.995418072,0.000765594,0.003816331,0.917422414,0.019166896,0.063410632,0.890781879,0.002949152,0.106268972,positive,positive,positive,positive
jla88gx,"A massive coral bleaching happened sometime around 1997. Maldivian reefs used to be more healthy and colourful before that, and never fully recovered. I guess people here often forget that the we're living on literal coral islands.",4,0,2023-05-23 12:45:08 UTC,4,z80lives,13pmgaw,t3_13pmgaw,231,FALSE,False,maldives,0.836611629,0.019851428,0.143536925,0.025218589,0.499890178,0.474891275,0.00443209,0.840335011,0.155232981,positive,negative,neutral,positive
jnsfb6x,"This good?
https://vt.tiktok.com/ZSLjBDs64/",3,0,2023-06-11 15:25:56 UTC,0,jjsameer,145qtlt,t3_145qtlt,43,1686498190,False,maldives,0.952497482,0.00503029,0.042472284,0.644344747,0.046128005,0.309527278,0.954813778,0.003118965,0.042067323,positive,positive,positive,positive
jnqsycm,"So the other day, The girl on the bike crossing infront of me thinking she a great bike rider.

![gif](giphy|wRcgj4RoG2uwtjcOPD|downsized)

Me: letting her pass to see her figure from side.",2,0,2023-06-11 04:44:00 UTC,3,Strange-Voice369,145qtlt,t3_145qtlt,189,FALSE,False,maldives,0.992634475,0.001167161,0.006198424,0.872459412,0.009759728,0.117780901,0.920410872,0.001194251,0.078394935,positive,positive,positive,positive
jnmii99,"Doesn't have to be sexual, but fun or something we can enjoy",2,2,2023-06-10 05:17:11 UTC,2,This_Bag_1532,145qtlt,t1_jnmifdi,60,FALSE,False,maldives,0.992943466,0.000720526,0.006336039,0.809456944,0.017516989,0.173026025,0.971325397,0.001608738,0.027065912,positive,positive,positive,positive
jnnkvou,"True. Discussions on hobbies, current and interesting events, entertainment etc would be cool. But I guess we are mostly lurkers heheh.",4,3,2023-06-10 13:14:01 UTC,1,Grobyx,145qtlt,t1_jnmii99,135,FALSE,False,maldives,0.753845334,0.009247829,0.236906841,0.516387999,0.008855491,0.474756539,0.760961294,0.00150492,0.237533793,positive,positive,positive,positive
jno5mjc,Fr yeah that would be good for a change,3,4,2023-06-10 15:59:16 UTC,0,stxirs,145qtlt,t1_jnnkvou,39,FALSE,False,maldives,0.823600411,0.030291369,0.14610821,0.845621884,0.012920836,0.14145726,0.964686751,0.001604649,0.03370868,positive,positive,positive,positive
jo715nm,I do. Loved the Buzzfeed Unsolved series and JCS. A few other channels too but I can't remember. Makes me a bit grateful we don't have any known serial killers in Maldives. You got any specific favorite true crime incident?,1,0,2023-06-15 05:43:36 UTC,2,JetCulverin,149alwt,t3_149alwt,223,FALSE,False,maldives,0.978913009,0.004946461,0.016140593,0.156046182,0.289141417,0.554812372,0.934922159,0.002455347,0.062622413,positive,neutral,positive,positive
jqj35pd,The Audible app has a great collection of true crime podcasts.,1,0,2023-07-03 17:31:24 UTC,0,Grobyx,149alwt,t3_149alwt,62,FALSE,False,maldives,0.964295149,0.009663618,0.026041243,0.930881381,0.004145803,0.064972833,0.986614406,0.001580991,0.011804648,positive,positive,positive,positive
jo6qhkq,You'd get along well with my mother then..,2,2,2023-06-15 03:43:44 UTC,0,q1t0,149alwt,t1_jo54xkt,42,FALSE,False,maldives,0.990838349,0.00103398,0.008127639,0.71116209,0.01874828,0.270089626,0.624214292,0.007567427,0.368218303,positive,positive,positive,positive
joyqa8k,Ai'balhey masburi. Kaavaabu Kada for kavaabu. All others are just good but forgettable.,5,0,2023-06-21 14:23:43 UTC,2,jjsameer,14evkzw,t3_14evkzw,87,FALSE,False,maldives,0.625021636,0.047532987,0.327445388,0.503829002,0.045751534,0.450419486,0.899443626,0.002256394,0.09830001,positive,positive,positive,positive
joz8o7x,"Moon caf√© was great 8 to 10 years ago. Not sure how they're doing now or even if the place is still there. 


ﬁâﬁ¶ ﬁáﬁ¨ ﬁåﬁ¶ﬁÇﬁ¶ﬁáﬁ∞ ﬁéﬁÆﬁêﬁ∞ ﬁéﬁ®ﬁÇﬁ¶ﬁáﬁ®ﬁÇﬁ∞ ﬁÇﬁ¶ﬁéﬁ¶ﬁÇﬁ© ﬁÉﬁÆﬁÅﬁ∞ﬁìﬁßﬁáﬁ®ÿå ﬁãﬁÆﬁÇﬁ∞ ﬁÉﬁ®ﬁÄﬁ¶ ﬁãﬁ¨ﬁÇﬁ∞ ﬁâﬁ™ﬁÅﬁ® ﬁâﬁ¶ﬁêﬁ∞. ﬁãﬁ¨ﬁÇﬁ∞ ﬁÑﬁØﬁÇﬁ∞ ﬁÜﬁ¶ﬁÖﬁ™ ﬁêﬁ¶ﬁáﬁ® ﬁåﬁ¶ﬁáﬁ∞ﬁìﬁ¨ﬁáﬁ∞. ﬁáﬁ¨ﬁÄﬁ¨ﬁÇﬁ∞ﬁàﬁ©ﬁâﬁ¶ ﬁáﬁ¨ﬁåﬁß ﬁÄﬁ¨ﬁãﬁ®ﬁÜﬁß ﬁéﬁÆﬁåﬁ¨ﬁáﬁ∞ ﬁÇﬁ≠ﬁÇﬁ∞ﬁéﬁ¨",1,0,2023-06-21 16:27:42 UTC,0,z80lives,14evkzw,t3_14evkzw,246,FALSE,False,maldives,0.99682188,0.000589588,0.002588559,0.858953059,0.009371211,0.13167569,0.986000955,0.001527508,0.012471513,positive,positive,positive,positive
jpz2n0b,"Find your work life balance. Enjoy what is available in the resort. Ask fellow team members about options for activities, after work get togethers, social etc. take the time if you have to study. As many of your conveniences are taken care of you have time. Enjoy paradise. Knowing like any other job you need to understand ‚ÄúOffice politics‚Äù but the added element of personal and professional is interlinked as you are on an island.",2,0,2023-06-29 09:51:18 UTC,0,Craiggem,14lfnpf,t3_14lfnpf,432,FALSE,False,maldives,0.954302788,0.005381228,0.040316004,0.54091692,0.010855839,0.448227286,0.70353812,0.001837867,0.294624001,positive,positive,positive,positive
jpy906z,Ty so much. It sounds like a lot to do and enjoy. ‚òÜ,2,1,2023-06-29 03:53:44 UTC,0,Independent-Ad7972,14lfnpf,t1_jpy8gle,51,FALSE,True,maldives,0.993303478,0.000896964,0.005799515,0.905990064,0.018436532,0.075573437,0.971415579,0.001241745,0.027342666,positive,positive,positive,positive
jpzm26c,"im going with two coworkers we used to be on the same show in Mexico and we get along well. I will get dive certified, ty for your help",1,1,2023-06-29 13:08:59 UTC,0,Independent-Ad7972,14lfnpf,t1_jpzb4qx,135,FALSE,True,maldives,0.671378434,0.022373155,0.306248337,0.635540783,0.020706732,0.343752563,0.715694368,0.001667733,0.282637835,positive,positive,positive,positive
jq3yjtg,"Left the dreadful life 3 years ago. Now happily married, a truly blissful domestic life and close to family",1,2,2023-06-30 09:46:23 UTC,2,dhym002,14lfnpf,t1_jq3vjhk,107,FALSE,False,maldives,0.578123808,0.060355078,0.361521125,0.751444936,0.023953563,0.224601537,0.046975654,0.007276585,0.945747793,positive,positive,neutral,positive
jq3ynpg,"Thats beautiful masha allah!! So glad you‚Äôre doing well! 
I had no idea such horrors go on behind the scenes in the maldives. Its such a beautiful place to go to. I hope things improve for the people working there. Is this what made you leave?",2,3,2023-06-30 09:47:48 UTC,1,sparklefield,14lfnpf,t1_jq3yjtg,243,FALSE,False,maldives,0.961581945,0.005308721,0.0331094,0.927467346,0.008845086,0.063687608,0.846100986,0.001953997,0.151945055,positive,positive,positive,positive
js45ds3,Food is great here so I would talk about all the different ways you can make mas huni since it feels like every family has a slightly different recipe,4,0,2023-07-15 21:39:09 UTC,0,,14z6nnb,t3_14z6nnb,150,FALSE,False,maldives,0.33878687,0.076911449,0.58430171,0.732065618,0.01472908,0.253205359,0.703241646,0.007026919,0.289731443,neutral,positive,positive,positive
js2patg,"This got a lot of comments, that's a good start.",3,0,2023-07-15 15:21:05 UTC,0,AndhuAsiph,14z6nnb,t3_14z6nnb,48,FALSE,False,maldives,0.926644325,0.011821352,0.061534327,0.912831187,0.009605235,0.077563643,0.962604582,0.00163428,0.035761159,positive,positive,positive,positive
jrwja6h,"Me too, but our community is either too nice or don‚Äôt care . 
Why don‚Äôt we brigade the resort posts with satire? , and who are the mods here ?",2,0,2023-07-14 06:22:40 UTC,3,loothe,14z6nnb,t3_14z6nnb,142,FALSE,False,maldives,0.964843035,0.007849547,0.02730735,0.12642397,0.199976206,0.673599839,0.550973833,0.003328422,0.445697755,positive,neutral,positive,positive
js01cgk,Are you from Maldives - if so would love to ask Qs,1,0,2023-07-14 23:26:44 UTC,3,dataandai,14z6nnb,t3_14z6nnb,50,FALSE,False,maldives,0.957256794,0.002061412,0.040681731,0.703052461,0.008439268,0.288508266,0.985601485,0.001500852,0.012897644,positive,positive,positive,positive
js440tx,Hehehehe. Well said.,1,2,2023-07-15 21:28:43 UTC,0,STORMCHASER_MVD,14z6nnb,t1_jrwnz9i,20,FALSE,False,maldives,0.142911449,0.032397307,0.824691296,0.951194167,0.008002795,0.040803086,0.958682835,0.002651255,0.038665902,neutral,positive,positive,positive
js56a84,Woahh that sounds awesome. See? Our ancestors are legends and need to be spoken about more,2,4,2023-07-16 02:38:12 UTC,0,dhym002,14z6nnb,t1_js55eix,90,FALSE,True,maldives,0.051490318,0.009673557,0.938836157,0.966532707,0.005445375,0.028021902,0.98898226,0.001390309,0.009627417,neutral,positive,positive,positive
jrzz8h8,Where can you find the best burgers in maldives?,2,0,2023-07-14 23:10:47 UTC,19,Maakanaa,14zbug4,t3_14zbug4,48,FALSE,False,maldives,0.654014885,0.023330346,0.322654784,0.374271154,0.036815081,0.588913798,0.632420897,0.002927502,0.36465162,positive,neutral,positive,positive
js2xr3t,"Well all I do is work , and no work buddies üôÉ",2,2,2023-07-15 16:22:09 UTC,6,Odd_Abbreviations883,14zbug4,t1_js1tf3h,45,FALSE,False,maldives,0.989336729,0.000798932,0.009864306,0.464570373,0.075754024,0.45967555,0.026182141,0.030697318,0.94312048,positive,positive,neutral,positive
jrxlego,"Ah the good old ""kaey gulhen ulhenee tha"" haven't heard that one since I finished school.",2,2,2023-07-14 13:29:07 UTC,5,CarelessNightingale,14zbug4,t1_jrxeyzy,89,FALSE,False,maldives,0.966977179,0.004092881,0.028930021,0.452519238,0.049424406,0.498056382,0.76563251,0.002083561,0.23228389,positive,neutral,positive,positive
js16vif,what would you recommend from beachstro,1,3,2023-07-15 05:32:54 UTC,6,burgerman000,14zbug4,t1_js16efl,39,FALSE,True,maldives,0.580820322,0.006895906,0.412283748,0.90041697,0.011434206,0.088148795,0.933044791,0.001813862,0.065141343,positive,positive,positive,positive
js8ufje,sure! we are besties now,1,3,2023-07-16 22:09:05 UTC,0,burgerman000,14zbug4,t1_js8r3tx,24,FALSE,True,maldives,0.996744514,0.000514089,0.002741369,0.740733743,0.025195453,0.234070808,0.865619719,0.002544387,0.131835863,positive,positive,positive,positive
js16xiy,Beef burger is the best thing in the whole world there you‚Äôd wanna get married to it.,1,4,2023-07-15 05:33:31 UTC,5,Fenfolhi,14zbug4,t1_js16vif,85,FALSE,False,maldives,0.988302171,0.003423452,0.008274348,0.969081938,0.005755491,0.025162533,0.991029859,0.002284735,0.006685395,positive,positive,positive,positive
js96gok,OMG SAME. Whats your top restaurants?,2,4,2023-07-16 23:40:08 UTC,1,Maakanaa,14zbug4,t1_js8ubyp,37,FALSE,False,maldives,0.127143264,0.023830697,0.849026024,0.877042115,0.019508172,0.103449747,0.946585119,0.002378334,0.051036537,neutral,positive,positive,positive
js1oduh,"Rice (not basmati), lime, fried chillies, onion, mango pickle, bbq reef fish, yummmm!!!",5,0,2023-07-15 09:16:55 UTC,6,dhym002,15031rf,t3_15031rf,87,FALSE,False,maldives,0.996470332,0.000452488,0.003077173,0.826687336,0.011852374,0.16146031,0.818138421,0.001934152,0.179927453,positive,positive,positive,positive
js1u1er,"Yes, am I the only one? It tastes good.",1,2,2023-07-15 10:34:25 UTC,0,z80lives,15031rf,t1_js1qv0w,39,FALSE,False,maldives,0.989920497,0.001108509,0.008970966,0.704707325,0.012821654,0.282471031,0.581842244,0.003225463,0.414932281,positive,positive,positive,positive
js8aelq,Well said. The government do be like that.,1,1,2023-07-16 19:49:32 UTC,0,CarelessNightingale,1513z7e,t1_js6mey7,42,FALSE,False,maldives,0.005682124,0.003451119,0.99086678,0.63786304,0.052580107,0.309556931,0.893576741,0.003510691,0.102912575,neutral,positive,positive,positive
jsdnfg3,"When you consider the macronutrient content, Rihaakuru is actually largely protein, since it is just a concentrated paste of fish, water and salt. So, I wouldn't really consider it junk food tbh. So, if you're working out or something, it's a great way to get protein. Also got them omega-3 fatty acids, which are good for your heart health among other things.",4,0,2023-07-17 22:17:43 UTC,1,CarelessNightingale,151vnf9,t3_151vnf9,360,FALSE,False,maldives,0.982293189,0.003472388,0.014234469,0.851381183,0.009078364,0.139540449,0.857843757,0.002856924,0.139299348,positive,positive,positive,positive
jsapba3,"How tempting it sounds, I'd rather not, haha. 
Thanks for the offer though.",5,4,2023-07-17 08:45:54 UTC,1,Csprr,151vnf9,t1_jsap22k,75,FALSE,False,maldives,0.979289234,0.002591487,0.018119279,0.801505029,0.012644088,0.185850888,0.873541653,0.004940662,0.121517673,positive,positive,positive,positive
jsaxdam,i love a lotta variations of mas huni but tbh i prefer just any kind of curry to either mas huni or rihaakuru,2,4,2023-07-17 10:35:38 UTC,3,antheiakasra,151vnf9,t1_jsax6ay,109,FALSE,False,maldives,0.993224263,0.000804727,0.00597101,0.844145298,0.019195944,0.136658743,0.961319983,0.001427722,0.037252262,positive,positive,positive,positive
jsapfhx,I may need to call upon you again! Good day sir,5,5,2023-07-17 08:47:37 UTC,0,burgerman000,151vnf9,t1_jsapba3,47,FALSE,True,maldives,0.943696618,0.008600998,0.047702368,0.677951038,0.01922035,0.30282867,0.734658837,0.002343967,0.26299721,positive,positive,positive,positive
jsaxjec,"the curries are really bomb here! honestly happy that we got lots of variety 

also speaking of mas huni, I really love baraboa mas huni, or just baraboa in general. I once tried mixing baraboa riha with sausage and roshi, tasted awesome ü´∂üèæ",1,5,2023-07-17 10:37:44 UTC,2,burgerman000,151vnf9,t1_jsaxdam,240,FALSE,True,maldives,0.995056868,0.000776758,0.004166323,0.943273962,0.005090338,0.051635724,0.992914915,0.00196957,0.005115476,positive,positive,positive,positive
jsb9br8,"I veryyy rarely have baraboa in any context but I love it too 
baranoa riha and sausage sounds so good, I've had something similar a long time ago I think, I can't remember",1,6,2023-07-17 12:39:35 UTC,1,antheiakasra,151vnf9,t1_jsaxjec,172,FALSE,False,maldives,0.990143895,0.001282572,0.008573526,0.905683756,0.006929441,0.087386735,0.977826357,0.0011151,0.021058543,positive,positive,positive,positive
jsnkyt9,HAHA,1,1,2023-07-19 22:48:02 UTC,0,stxirs,153f6vr,t1_jsjwgjs,4,FALSE,False,maldives,0.975348532,0.005464607,0.019186867,0.559227586,0.055045832,0.385726631,0.505998552,0.015006575,0.478994817,positive,positive,positive,positive
jskacik,"this was so random, but very welcome. ducks are cute",3,0,2023-07-19 07:55:35 UTC,1,antheiakasra,153nbrh,t3_153nbrh,52,FALSE,False,maldives,0.995839,0.000594975,0.003566063,0.370875418,0.044508543,0.584616065,0.834791005,0.001617603,0.16359137,positive,neutral,positive,positive
jskphdm,I love how they just casually pick up the ducks,2,1,2023-07-19 11:08:11 UTC,4,burgerman000,153nbrh,t1_jskpc69,47,FALSE,True,maldives,0.995552242,0.000460055,0.003987732,0.837770581,0.034011174,0.128218219,0.982545257,0.001650698,0.01580397,positive,positive,positive,positive
jsrbfgx,"they should aslu! i mean it would be so cute

I go there to look at the fish! could use a duck section too",2,1,2023-07-20 17:54:53 UTC,0,burgerman000,153nbrh,t1_jsr9tmx,106,FALSE,True,maldives,0.842073143,0.009529352,0.14839749,0.592008591,0.022610195,0.385381252,0.089061156,0.004135131,0.906803727,positive,positive,neutral,positive
jt3v3bp,ooooooo this is news,1,1,2023-07-23 10:51:21 UTC,0,burgerman000,153nbrh,t1_jt3uzvt,20,FALSE,True,maldives,0.855370283,0.018457694,0.126171961,0.48351261,0.038382258,0.478105158,0.031070817,0.030104214,0.938824892,positive,positive,neutral,positive
jsk9vs6,I know right! ducks look too cute,1,1,2023-07-19 07:49:33 UTC,0,burgerman000,153nbrh,t1_jsk9si9,33,FALSE,True,maldives,0.990927994,0.000818456,0.008253521,0.72853452,0.022164708,0.249300748,0.86503911,0.002032152,0.132928759,positive,positive,positive,positive
jsoz6fk,Ur welcome babes.,5,0,2023-07-20 05:40:16 UTC,0,Fenfolhi,153wv6n,t3_153wv6n,17,FALSE,False,maldives,0.989525795,0.001562455,0.008911768,0.855056763,0.008272344,0.136670843,0.909261942,0.001865254,0.088872753,positive,positive,positive,positive
jsuqies,"Happy Friday to you, too. It‚Äôs the ideal weekend for me, me being a pluviophile. Hoping for more rain.",2,0,2023-07-21 11:34:16 UTC,3,Grobyx,155kctf,t3_155kctf,102,FALSE,False,maldives,0.995214224,0.000537993,0.004247753,0.978520393,0.004918719,0.016560813,0.981900394,0.00129124,0.016808288,positive,positive,positive,positive
jsure3l,"I think I used to enjoy rain more as a kid. Going walking in the rain, standing out in the rain with an umbrella on the terrace and just rain generally feeling like ""fun""

As an adult I'm like meh about it but honestly I'm  trying to change my perspective back to when I loved rain as a kid! Might just become a bit of a pluviophile like yourself",3,1,2023-07-21 11:42:33 UTC,2,burgerman000,155kctf,t1_jsuqies,346,FALSE,True,maldives,0.996203005,0.000404465,0.003392516,0.823993564,0.011478867,0.164527535,0.898146272,0.003300659,0.098553047,positive,positive,positive,positive
jsw48dv,"Oh yeah, used to love getting wet in the rain, as a kid. Now, I just enjoy the sounds of the rain hitting on different surfaces. Coffee tastes better when it rains, reading a book feels better, and so on. Total Zen. Not so enjoyable when I have to go to work when it rains though, considering the state the roads get into. 

In fact, one of the bucket list destinations I have include Cherrapunji, India. Rainiest place on earth, apparently.",2,2,2023-07-21 17:24:26 UTC,1,Grobyx,155kctf,t1_jsure3l,441,FALSE,False,maldives,0.990352929,0.001698981,0.007948073,0.964044392,0.005246934,0.030708669,0.980782568,0.001623341,0.017594082,positive,positive,positive,positive
jt54zdo,"Haha, you are too funny. All the mods of /r/maldives are maldivians, including me. üòÑ",2,0,2023-07-23 17:08:31 UTC,7,xayan123,1571b4z,t3_1571b4z,84,FALSE,False,maldives,0.899203658,0.058006406,0.042789981,0.751741469,0.024147125,0.224111408,0.897155821,0.00165373,0.101190463,positive,positive,positive,positive
juldem2,I would say yes. Pictues would be great cant you block ppl ? Or do somesthing like rediit karma requirements ?,2,0,2023-08-03 08:30:11 UTC,0,Far_Needleworker_491,15gpiun,t3_15gpiun,110,FALSE,False,maldives,0.982056439,0.005195249,0.012748362,0.350174308,0.103824489,0.546001196,0.61488992,0.021806125,0.363303959,positive,neutral,positive,positive
juplu1m,Bro /u/xayan123 alive?,2,0,2023-08-04 02:44:43 UTC,0,primary0,15gpiun,t3_15gpiun,22,FALSE,True,maldives,0.62616843,0.004785409,0.369046181,0.148300827,0.063466325,0.788232923,,,,positive,neutral,,positive
julhcxj,Thank you and yes. Keeping it spam free and organic is the goal here.,3,1,2023-08-03 09:20:28 UTC,0,primary0,15gpiun,t1_jukj9s7,69,FALSE,True,maldives,0.987584651,0.002191271,0.010224156,0.849974573,0.010661994,0.139363483,0.616674125,0.005384634,0.377941281,positive,positive,positive,positive
jurkh9o,this is a nice way I learned that we can post pictures now,8,0,2023-08-04 14:32:26 UTC,0,burgerman000,15i1872,t3_15i1872,58,FALSE,False,maldives,0.993997097,0.000625576,0.005377316,0.878544569,0.015634224,0.105821244,0.938525438,0.001553753,0.05992078,positive,positive,positive,positive
jutiqi7,"Thanks for posting these!  The best bit of visiting Maldives was that our resort did excursions to nearby island villages, and we'd get to walk around, see how everyday life looked, if only for a few hours.  We didn't enjoy how the resorts were sealed off from the rest of the country, and wanted to learn more.  Hopefully we can come back one day and spend more time in Mal√© and visit other towns.",6,0,2023-08-04 21:57:05 UTC,0,kazmological,15i1872,t3_15i1872,398,FALSE,False,maldives,0.997285604,0.000407968,0.002306461,0.946506321,0.004374806,0.04911891,0.967766523,0.001118559,0.03111496,positive,positive,positive,positive
juslahn,Nice!,2,0,2023-08-04 18:22:39 UTC,0,primary0,15i1872,t3_15i1872,5,FALSE,False,maldives,0.990563989,0.000893105,0.008542905,0.683302164,0.064746618,0.251951247,0.686029196,0.007688461,0.306282312,positive,positive,positive,positive
juv9ssm,nice to see we can share pictures,2,0,2023-08-05 07:05:33 UTC,0,PossibilityPowerful,15i1872,t3_15i1872,33,FALSE,False,maldives,0.991767108,0.00080873,0.007424128,0.921836317,0.010707059,0.067456596,0.958649278,0.001469012,0.039881714,positive,positive,positive,positive
juvd4b8,he really is! he loves to follow me around and jump on the bikes. Definitely a Male' Bulhaa,1,3,2023-08-05 07:46:16 UTC,3,burgerman000,15ia88o,t1_juvd19c,91,FALSE,True,maldives,0.996728659,0.000455267,0.002816025,0.784606159,0.010069671,0.205324158,0.99153918,0.001604373,0.006856453,positive,positive,positive,positive
juxe17l,MashaAllah,2,0,2023-08-05 18:05:38 UTC,0,boppam,15iopi1,t3_15iopi1,10,FALSE,False,maldives,0.954800725,0.013155332,0.032043964,0.582786024,0.074709214,0.342504799,0.17922619,0.01160256,0.809171259,positive,positive,neutral,positive
juvtqpv,thanks,2,1,2023-08-05 11:12:07 UTC,0,PossibilityPowerful,15iopi1,t1_juvcmrp,6,FALSE,True,maldives,0.995448172,0.000818881,0.003732955,0.5645172,0.076551341,0.358931422,0.354482323,0.01093156,0.634586096,positive,positive,neutral,positive
juwdg7x,Yooo üò≠üò≠,4,0,2023-08-05 14:02:48 UTC,0,heyonuvaane,15iuvoc,t3_15iuvoc,7,FALSE,False,maldives,0.959362686,0.008161817,0.032475438,0.522849202,0.052213401,0.424937397,0.102781817,0.042648066,0.854570091,positive,positive,neutral,positive
jv1lsr6,oh wow,1,0,2023-08-06 16:10:25 UTC,0,sweetcornlover444,15iuvoc,t3_15iuvoc,6,FALSE,False,maldives,0.881599307,0.015112787,0.103287861,0.707071066,0.055691816,0.237237081,0.386190146,0.049299199,0.564510643,positive,positive,neutral,positive
juz9vk6,"Me these days cause I have roagaa and it won't leave me....I want a divorce 

Also hope things get better buddy! they say things get easier the more you work at it",3,0,2023-08-06 02:15:52 UTC,2,burgerman000,15j5dge,t3_15j5dge,163,FALSE,False,maldives,0.177736998,0.017727604,0.804535449,0.584063947,0.030469267,0.385466725,0.505683184,0.008660229,0.485656649,neutral,positive,positive,positive
jv05rpu,"If you‚Äôre looking for a healthy option to do take away I love ‚ÄúMeer.food‚Äù their chicken fajita bowl is amazing but has hints of sweet and tangy as well so might not be for everyone‚Äôs palette. 

For sushi Sushi Zu was an absolutely amazing one but the main chef changed I think so it wasn‚Äôt as good as before when we went last time. But the mango and coconut dessert they had was still very good. 

Can‚Äôt think of more right now but will add if I remember anything else",4,0,2023-08-06 07:40:49 UTC,4,islandtravel,15jh5ts,t3_15jh5ts,468,FALSE,False,maldives,0.995874703,0.000446536,0.003678813,0.780683458,0.012156001,0.207160488,0.880583942,0.001413472,0.118002661,positive,positive,positive,positive
jv06dwj,"1. som tam Thai. Used to be previously called ""chim Thai "". Too as OP mentioned it is a owned by older Maldivian and Thai couple..I can second what OP says. Even the prices are reasonable. 


Recently tried KFZ- korean food zone  at hulhumale.  It is run by a Korean lady. Cute personality and creates the vibe and feel of a Korean place. And the food is authentic  . Thou might be just slightly a little high end on the pricing. It is worth for the experience.


As for symphony and  Italian dishes. Hmmm well they are too Maldivianized. At this point.  Yeah I understand cannot serve most Italian dishes due to halal. But can keep to the concept the theme of the original dish. 
For instance carbonara base of the dish is 
- Cured pork cheeks /pancetta 
- egg/egg yolks 
- parmesan/ pecorino

So why not just replace the cured meat with a halal beef based cured meat. Still this will not change the base of the dish. Which is even a served variant  in Italy to ppl who eat halal.

But here mostly it's take aways the eggs. Adds cream/ milk, Bell pepper. Cheddar cheese. Cream cheese parsley leafs . It is all a mushy mess. 
....
....",2,0,2023-08-06 07:48:57 UTC,0,bonbenzo,15jh5ts,t3_15jh5ts,1135,FALSE,False,maldives,0.980613589,0.004388843,0.014997564,0.129354432,0.060908854,0.809736669,,,,positive,neutral,,positive
jx65f12,Try out Riveli Beach Club & Restaurant in Hulhumale. It opened this week. Great food and unique ambience.,1,0,2023-08-21 19:08:56 UTC,0,Loading310,15jh5ts,t3_15jh5ts,105,FALSE,False,maldives,0.997080028,0.00069967,0.002220284,0.9240008,0.005512837,0.070486329,0.983233392,0.001158182,0.015608451,positive,positive,positive,positive
jv0dh2f,Meer.food on instagram. Personally I think they're the best food place in town.,2,1,2023-08-06 09:24:47 UTC,1,dhonayya20,15jh5ts,t1_jv05rpu,79,FALSE,False,maldives,0.936470926,0.012689096,0.050839953,0.236019731,0.108279966,0.655700326,0.536984742,0.002485527,0.460529774,positive,neutral,positive,positive
jx8a61c,Thanks for your suggestions. Wife and I had a 3 course meal at Sushi Zu recently and their sushi was top notch.,2,1,2023-08-22 04:02:48 UTC,1,BudovicLagman,15jh5ts,t1_jv05rpu,111,FALSE,True,maldives,0.997253835,0.000497556,0.002248667,0.938306332,0.005410585,0.056283094,0.977963924,0.00115838,0.020877672,positive,positive,positive,positive
jv09y04,Seagull and Family Room are great. Can you recommend a place for valhomas koththu or noodles? Basically anything valhomas.,1,1,2023-08-06 08:36:46 UTC,1,primary0,15jh5ts,t1_juzxske,122,FALSE,False,maldives,0.995337367,0.000731012,0.003931591,0.938375235,0.006713156,0.054911669,0.986261785,0.001352303,0.012385992,positive,positive,positive,positive
jx8g8pm,Glad you liked it. Oishii also opened their new place and I have heard good reviews but haven‚Äôt been there yet. Used to be the best sushi in town when they were in Hulhumale‚Äô but quality went down a bit in their second place and need to try and see how it is now.,1,2,2023-08-22 05:05:19 UTC,0,islandtravel,15jh5ts,t1_jx8a61c,263,FALSE,False,maldives,0.995972097,0.000532686,0.003495239,0.969125152,0.004155439,0.02671933,0.984050333,0.001449845,0.014499787,positive,positive,positive,positive
jv0dmu4,Not a big fan of valhomas dishes so I'm afraid I cant help :(,1,2,2023-08-06 09:26:59 UTC,0,dhonayya20,15jh5ts,t1_jv09y04,61,FALSE,False,maldives,0.7425161,0.126443982,0.131039977,0.056168038,0.497121364,0.446710587,0.05232903,0.36773169,0.579939306,positive,negative,neutral,positive
jv1txuf,"Some of the games I like are very old, from PS1. I like harvest moon back to nature, digimon world 1, 2 and 3 plus digimon card battle, which are all ps1 games, but my fav digimon game is digimon world next order. I like turn based games too like civ games and ff games, especially ff8 but ff15 is my fav game in the ff series. While I'm on ff, I should say I didn't play all the ff games and would like to mention I liked dissidia too. I don't particularly like God of war but still a good game that I did enjoy. I like dmc too, haven't played dmc 1 and 5 yet, 3 has been my fav so far. Also I like the assassin's Creed games, playing unity now and I actually played all the main assassin's Creed games up to unity. For mobile games, the online games I play are mobile legends bang bang and coc, for an offline game I play an indie game called world rumble. Also would like to mention mount and blade 2: bannerlord, while I'm not particularly good in this game I do enjoy it. I did play dark souls but didn't finish it, I would maybe finish them in the future but for now I have other games I want to try more. I also like games like red alert, Warhammer 40k dawn of war, age of empires. For red alert, I liked red alert 2 Yuri's revenge the best and for age of empires, I liked 2 best.

Now there are definitely some games I'm forgetting here. I mostly like single player games with a good story. I don't really like multiplayer games, especially battle royale games.",5,0,2023-08-06 17:05:22 UTC,7,ProfOfIllogicalLogic,15jobmx,t3_15jobmx,1469,FALSE,False,maldives,0.996161103,0.000433863,0.00340497,0.577352643,0.009091967,0.413555384,,,,positive,positive,,positive
jv107ov,"GTA SA , Skyrim . More story driven games multiplayer games for me. I was skeptical but i enjoy breathe of the wild a lot too .",5,0,2023-08-06 13:33:19 UTC,8,kiru_haluvaa,15jobmx,t3_15jobmx,127,FALSE,False,maldives,0.995800197,0.000584249,0.003615506,0.596230865,0.00693392,0.396835268,0.77631253,0.00186164,0.221825793,positive,positive,positive,positive
jv1fszh,"So many games. Dead space remake for horror genre, GTA 5 for open world sandbox genre, God of war 3 for action genre.

The best game I've played recently was final fantasy 16. Finished it 3 days ago. On my new game plus walkthrough now.",3,0,2023-08-06 15:29:40 UTC,3,Real_Mousse_3566,15jobmx,t3_15jobmx,236,FALSE,False,maldives,0.193370491,0.064139329,0.742490172,0.652567089,0.008813819,0.338619053,0.785039067,0.001958206,0.213002712,neutral,positive,positive,positive
jv1kzad,"Mainly a PC gamer but I do game on PS also.

All time favorite: Knights of the Old Republic! Off the top of my head, listing in no particular order the games I enjoyed the most include: Mass Effect, Dragon Age, Elder Scrolls, Disco Elysium, Fallout, Divinity (yes I‚Äôm an RPG fan ![gif](emote|free_emotes_pack|grin)), Dota 2, God of War, Assassin‚Äôs Creed. Hogwarts Legacy was fun too. Currently playing Baldur‚Äôs Gate 3. Waiting for Starfield next month.

Add me on steam, friend code: 40895543",3,0,2023-08-06 16:04:53 UTC,3,Grobyx,15jobmx,t3_15jobmx,492,FALSE,False,maldives,0.995594323,0.000690011,0.003715667,0.538439214,0.009259231,0.452301562,0.934275329,0.001096064,0.064628638,positive,positive,positive,positive
jv3tpy7,I love dota 2. I follow the pro scene and watch all the games religiously,3,0,2023-08-07 01:39:52 UTC,1,holyperineum,15jobmx,t3_15jobmx,73,FALSE,False,maldives,0.995397627,0.000494582,0.004107828,0.913672686,0.005977061,0.080350205,0.989989877,0.001452732,0.008557428,positive,positive,positive,positive
jv2rjoq,"I haven't played video game more recently, but I used to play a lot. Most of them are a bit older, but I hope you'll enjoy them. I'll list down 10 games that has good replay value.

1. Final Fantasy VI
2. The Sims
3. Mass effect series (- not Andromeda, that's garbage)
4. Super Metroid
5. Castlevania 
6. Fire Emblem any of the GBA games
7. Mother / Earthbound series.
8. Tetris
9. X-Com
10. Elder Scrolls (any game in this series holds up)

I picked ff6, because I played all final fantasy titles progressively till 10 and it is really the best one. Along with Chrono Trigger, Earthbound and Lufia II it's probably the best jrpg of it's time. 

Mass effect, because it has a decent story and good space opera. 

Castlevania and Metroid, has the best gameplay ever designed. Discovered Super Metroid when I wrote a paper on it (about symbolism and narrative) for college assignment (also portal and ""To the moon""), it has a good replay value. 

Fire Emblem; I played to pass time when commuting.
X-COM and battle toad whenever I wanted something challenging, I hate contra and metal slug is way easy.

Tetris, hard to believe for some but probably the best game ever made. I used to write tetris and snake in every new language, emulator or platform I work on. Even wrote one for ""z80lives"", my old partially complete but abandoned z80 based computer emulator suite.  Ironically it's name ""lives"" on as my internet handle.

Also, shout out to cool rpg maker games like, Undertale, Lisa, Yume Nikki and Corpse party.",2,0,2023-08-06 20:52:21 UTC,2,z80lives,15jobmx,t3_15jobmx,1516,1691357382,False,maldives,0.99165839,0.001287694,0.00705386,0.901932299,0.004730817,0.093336932,,,,positive,positive,,positive
jv2srs3,"All time favourite game is Bloodborne. Made me appreciate how good video games can be, after a long time. Love Hollow Knight too for similar reasons. I've enjoyed all the Fromsoft games I've played. I like dabbling in Monster Hunter too, last one being World. Somehow stopped playing after reaching HR. Planning to go back to it, but haven't worked out yet. Last game I finished is God of War Ragnarok. Was decent fun. Currently just starting out FF16. Oh, and Dave the Diver just to chill when I have a few minutes to spare.",2,0,2023-08-06 21:00:37 UTC,4,katsuwonis,15jobmx,t3_15jobmx,525,FALSE,False,maldives,0.991390705,0.000804617,0.007804609,0.941819072,0.004834199,0.053346738,0.988152087,0.001086817,0.010761105,positive,positive,positive,positive
jvgaddz,"My favourite game developer so far is From Software.
Especially Starting from Demons Souls back in 09 every game they released so far has been really enjoyable to play. Bloodborne is my personal favourite video game of all time.

Other series i really like are Uncharted and Gow of war. 

Additionally; 

Liked GTA Sa and GTA 3 ( 4 and 5 not so much lol )

RDR 2 is a masterpiece  ( haven't played 1 )

FF16 and FF7 are excellent as well

Assassin's Creed ( up to syndicate. haven't played anything after that )

Resident Evil (all the recent ones)

Ghost of Tsushima

TLOU 1 ( 2 is utter trash btw )

Dmc ( every main entry apart from dmc 2 is really good)

Prince of Persia sands of time and warrior within ( ahh the nostalgia, really wish Ubisoft would remake these 2 )

Tomb Raider Trilogy",1,0,2023-08-09 15:17:37 UTC,1,Ok_Department_8915,15jobmx,t3_15jobmx,793,FALSE,False,maldives,0.865949333,0.014236504,0.119814143,0.835160553,0.02371034,0.141129106,0.861122072,0.002453772,0.136424169,positive,positive,positive,positive
jv1l5xj,Good taste in games and max respect for liking Dead Space. That game scared the shiz out of me back then. FF16 is definitely on my list.,2,1,2023-08-06 16:06:06 UTC,1,Grobyx,15jobmx,t1_jv1fszh,136,FALSE,False,maldives,0.311412632,0.078986421,0.609600902,0.894419849,0.018879907,0.086700261,0.981195688,0.001831618,0.016972661,neutral,positive,positive,positive
jv3pmb6,"Dead Space is soo good. I can't wait to try the remake. Just I can't seem to find the time cause of work and things and ofc playing other games 
Been playing final fantasy 16 and I've reached Bahamut. Pretty epic game tbh",1,1,2023-08-07 01:06:47 UTC,0,burgerman000,15jobmx,t1_jv1fszh,221,FALSE,True,maldives,0.696466029,0.043320443,0.260213524,0.959097803,0.003863949,0.037038241,0.988379598,0.001219567,0.010400847,positive,positive,positive,positive
jv1nm5i,"Oh star wars fan? 
I played Mass Effect 3 and Andromeda. Thinking of buying the Mass Effect Trilogy on sale on the ps. I also played Dragon Age Inquisition I really enjoyed the gameplay. God of War oof I remember that I still haven't finished Ragnarok. Assassins Creed I played the 2 Trilogy, 3 and then 4. Was wondering if I should play the rest? Hogwarts Legacy wasn't the let down I thought it was going to be tbh. Did you play Diablo IV? 

I don't have steam. but I don't mind adding you on psn or discord",2,1,2023-08-06 16:22:51 UTC,2,burgerman000,15jobmx,t1_jv1kzad,509,FALSE,True,maldives,0.951683462,0.008302369,0.040014241,0.517201543,0.023832189,0.458966255,0.670831025,0.002224869,0.326944113,positive,positive,positive,positive
jv4llji,I hear good things about DOTA 2. my cousin plays it,2,1,2023-08-07 06:06:45 UTC,0,burgerman000,15jobmx,t1_jv3tpy7,51,FALSE,True,maldives,0.985274792,0.001240107,0.013485043,0.9069857,0.007186393,0.085827887,0.968406558,0.001165403,0.030427977,positive,positive,positive,positive
jv4jf9r,"I think the last need for speed i played was rivals. THINK im just spoiled with how much I enjoyed most wanted so I didn't play the upcoming ones 

Sekiro is great but I was a too much of a wimp to keep pushing forward. Thinking of replaying it this year tho, probs gonna stream to my friends so they can laugh at my horrible gameplay lol 

Ghost of Tsushima was great. Can you imagine that a knew guy who said sekiro and ghost are similar",1,1,2023-08-07 05:40:46 UTC,0,burgerman000,15jobmx,t1_jv4eovq,439,FALSE,True,maldives,0.096434638,0.055918384,0.847646892,0.950266123,0.005480335,0.044253543,0.765618682,0.010638765,0.223742619,neutral,positive,positive,positive
jv9qq9w,I love red alert 2. That was my childhood ngl  that and playing the pokemon games on an emulator and ofc mortal kombat! I'm really excited for the new one,2,2,2023-08-08 07:13:15 UTC,0,burgerman000,15jobmx,t1_jv6s2xf,154,FALSE,True,maldives,0.99560982,0.00065498,0.003735239,0.969544113,0.002574743,0.027881172,0.992382944,0.001677237,0.005939854,positive,positive,positive,positive
jv3pcfx,Oh yeah Dead Space got me good too when it first came out. Haven't gotten to the remake yet but its on my list,2,2,2023-08-07 01:04:37 UTC,0,burgerman000,15jobmx,t1_jv1l5xj,110,FALSE,True,maldives,0.006021525,0.928375304,0.065603182,0.892691314,0.008009409,0.099299297,0.982461274,0.001175376,0.016363332,nagative,positive,positive,positive
jv2fa94,"Oh yeah, huge Star Wars fan. The legendary edition of Mass Effect is definitely worth picking up. Andromeda can‚Äôt even hold a candle to the original series‚Äô storyline. Way more epic and grand. 

As for AC, 2 was easily my fav. But I loved Origins as well. Bayek, the main character, was something else and his story was very compelling and a rollercoaster of emotions such as anger at his enemies, grief for his predicament. A really well-written storyline. Odyssey and Valhalla were also good, both in terms of story and gameplay but mainly if you‚Äôre into history, mythologies and stuff and a lot of combat. 


Yep, I‚Äôve finished the main campaign for Diablo 4 (Rogue, flurry build) but haven‚Äôt made much progress on the new season with my new character. Around lvl 16 or so. Between work and family duties, really hard to play for hours on end like the old days.",3,2,2023-08-06 19:28:50 UTC,1,Grobyx,15jobmx,t1_jv1nm5i,864,FALSE,False,maldives,0.781469643,0.014101839,0.204428539,0.915281117,0.005329206,0.079389662,,,,positive,positive,,positive
jvgjfrp,"Yeah, as you grow older time goes faster.   


X-COM is turn based strategy. It has permadeath and a brutal AI that learns and adapts on your gameplay. A good game to torture yourself. If you never played it before, you should play the newer and more accessible remakes - X-COM: Enemy Unknown and it's sequel X-COM 2.",1,2,2023-08-09 16:12:38 UTC,0,z80lives,15jobmx,t1_jv9pyyg,317,FALSE,False,maldives,0.909380913,0.003915587,0.086703442,0.167807713,0.249044523,0.583147764,0.525080502,0.005631293,0.46928823,positive,neutral,positive,positive
jv78ze7,"That's one way to go through Bloodborne, haha I'm sure I did my fair share of stupid things in my first playthrough as well. You should definitely give Sekiro another go. When it clicks, it's so satisfying. Wouldn't say there's a skill requirement, just need to get used to the system. 

Dave the Diver is an indie game that came out recently. You dive, catch fish, make sushi etc. Pretty fun. Great pixel art too. 

I might hit you up on that MH invite. None of my friends play. I played on PC, but have it on ps too. Haven't progressed much in ps, so probably gonna boring for you to play together right now, since I'll be starting out.",2,2,2023-08-07 19:35:51 UTC,2,katsuwonis,15jobmx,t1_jv4m81d,638,FALSE,False,maldives,0.930377901,0.010663874,0.058958203,0.469738513,0.155300811,0.374960691,0.791806161,0.009614015,0.198579863,positive,positive,positive,positive
jv3p7qh,"Same I do love myself some star wars though I haven't played the new star wars games 

Tbh when I first tried AC2 back on the ps3 I didn't like it. Decided to replay it on the ps4 back on 2018 or something and thought it was okay but then when i played Assassins Creed Brotherhood I was completely hooked to the series, just from beginning to end I really enjoyed all of it

I got diablo IV yesterday and gotten only a few hours in. But yeah between work and things I can't really play for hours like I used to",2,3,2023-08-07 01:03:35 UTC,0,burgerman000,15jobmx,t1_jv2fa94,510,FALSE,True,maldives,0.617012024,0.017103456,0.365884513,0.962938488,0.002806552,0.034254931,0.989351451,0.001460003,0.009188599,positive,positive,positive,positive
jvcqt7b,Sweet. I'll add you.,2,4,2023-08-08 21:03:52 UTC,0,katsuwonis,15jobmx,t1_jv9r0o5,20,FALSE,False,maldives,0.902895808,0.007495895,0.089608252,0.678095281,0.050279621,0.271625131,0.903228939,0.003858499,0.092912562,positive,positive,positive,positive
jvjvggx,Ah fair enough. I am for that as well. Hopefully one day it will be something feasible for everyone.,2,4,2023-08-10 06:24:10 UTC,3,crimson_solace,15kluod,t1_jvjv12n,100,FALSE,False,maldives,0.985631227,0.001502291,0.012866466,0.530960858,0.067832246,0.401206881,0.767238617,0.002258546,0.230502889,positive,positive,positive,positive
jw8a980,![gif](emote|free_emotes_pack|joy) came here to say this. @maakanaa tsk tsk,1,1,2023-08-15 02:09:52 UTC,2,Sh4uki,15qeqe6,t1_jw84h1t,75,FALSE,False,maldives,0.899734318,0.015156014,0.085109726,,,,0.082942836,0.007158161,0.909898996,positive,,neutral,positive
jw8dtxc,Aren‚Äôt they marrying Maldivians ? I see plenty mixed couples . I hope that‚Äôs a good sign.,1,1,2023-08-15 02:36:03 UTC,0,Sh4uki,15qeqe6,t1_jw4z34l,89,FALSE,False,maldives,0.98415345,0.001426181,0.014420388,0.662453592,0.009032316,0.328514099,0.966952741,0.001177176,0.031870086,positive,positive,positive,positive
jwecfdo,"Thank you for this enlightening, well referred passage. 

I am glad that I asked this question. Led to reveal some interesting points.

Yet to read the replies in detail. I guess I will have to come back to this during the weekend.",1,2,2023-08-16 06:47:33 UTC,0,cuddywifter,15qeqe6,t1_jw7vj5g,231,1692168670,False,maldives,0.994494379,0.000750592,0.00475501,0.921376646,0.007248743,0.07137464,0.963854194,0.001202257,0.034943588,positive,positive,positive,positive
jw9xyeu,"‚ÄúDevout Muslim‚Äù according to whom? And why? 

If you have really read and researched the Quran, you would have known that
It‚Äôs a one to one connection between god and you..: it‚Äôs not at all a hard religion unlike what muslim preachers and non Muslims want everyone to believe 

Islam in my opinion is a just a way of life - to be a nice ethical person. And that‚Äôs about it.

All the other things muslim do are just rituals that many devout Muslims indulge it; not mandatory things the Quran asks you to do. 

Of course there are bad things in Quran but we have to apply common sense and see it from the historical time and society of those days when it was imposed upon.

I don‚Äôt prescribe to what conservative and ignorant hard stance Muslim preachers and extreme leaders preach or dictate how a Muslim should live their life. People who blindly follow them are just too lazy to research and critique Islam. So, they grow up following this ritualistic pattern of Islam which they pass on to their next generation.

You can still be a Muslim and enjoy everything life has to offer. No need to turn agnostic or atheist. Fuck the mullahs!!",1,7,2023-08-15 12:27:17 UTC,2,WalkstheTalk,15qeqe6,t1_jw9bnoo,1137,FALSE,False,maldives,0.965595484,0.012915409,0.021489048,0.071399666,0.197796464,0.730803847,,,,positive,neutral,,positive
jwgxncf,thats a nice cat if I ever seen one,2,0,2023-08-16 18:59:57 UTC,2,BuruceWayne,15s1w0f,t3_15s1w0f,35,FALSE,False,maldives,0.996076882,0.000464223,0.003458935,0.948780954,0.005495416,0.045723606,0.942201018,0.001873625,0.055925336,positive,positive,positive,positive
jwgxsqs,Yes she is super friendly and likes to sleep on bikes,2,1,2023-08-16 19:00:50 UTC,1,burgerman000,15s1w0f,t1_jwgxncf,53,FALSE,True,maldives,0.975367606,0.002467175,0.022165235,0.345353514,0.036446813,0.618199706,0.758659005,0.001977497,0.239363492,positive,neutral,positive,positive
jwq8rf5,Yeap. This is her favourite spot.,2,2,2023-08-18 14:56:29 UTC,0,riffathriza,15s1w0f,t1_jwgxsqs,33,FALSE,False,maldives,0.96352905,0.005125728,0.03134523,0.721245706,0.019660268,0.259094089,0.920959353,0.001498215,0.077542402,positive,positive,positive,positive
jwed7cn,it‚Äôs a good opportunity for entrepreneurs,0,0,2023-08-16 06:57:03 UTC,0,anedhivehiraajje,15sejny,t3_15sejny,41,FALSE,False,maldives,0.98935914,0.000883483,0.009757373,0.751235664,0.051310718,0.197453588,0.98010534,0.001674057,0.018220605,positive,positive,positive,positive
jwjoap6,any idea who captured these? they're really cool,2,0,2023-08-17 07:23:04 UTC,2,kitdied,15teksx,t3_15teksx,48,FALSE,False,maldives,0.995877743,0.000480351,0.003641906,0.642654955,0.028977102,0.328367949,0.914901555,0.001461148,0.083637342,positive,positive,positive,positive
jwljkzx,"12+ years of studying Dhivehi and this is the first time I'm seeing some of these words. 

Edit: also, who's the rightful owner, whoever it is, I must say, it's very well done.",2,0,2023-08-17 16:48:09 UTC,5,CarelessNightingale,15ts9j7,t3_15ts9j7,176,FALSE,False,maldives,0.996113181,0.000615831,0.003270959,0.869551599,0.010464306,0.119984053,0.957553387,0.0012959,0.041150682,positive,positive,positive,positive
jxajyzi,That divehi hand writing is better than  mine üòÖ,1,0,2023-08-22 16:46:44 UTC,0,YASH_THE_FIRST11,15y3300,t3_15y3300,47,FALSE,False,maldives,0.892122269,0.020516463,0.087361306,0.251205027,0.128813908,0.61998105,0.643885374,0.013491055,0.342623591,positive,neutral,positive,positive
d7d5vqc,"You should x-post this to /r/documentaries if you havent already, gain some traction from there as well.",1,0,2016-09-07 19:05:31 UTC,0,kudabe,51jxdz,t3_51jxdz,104,FALSE,False,maldives,0.936823487,0.007942881,0.055233635,0.012958732,0.665649295,0.32139203,0.009194098,0.411324739,0.579481184,positive,negative,neutral,positive
e5y5fgh,I dream every single day of getting back. Truly have never been happier than when I was there.,3,0,2018-09-14 04:13:06 UTC,1,Sultry_Comments,9fkuv0,t3_9fkuv0,94,FALSE,False,maldives,0.072501846,0.16924955,0.758248568,0.91227144,0.003472458,0.084256046,0.920372605,0.005102342,0.074525088,neutral,positive,positive,positive
e5y84hr,"I can understand how you feel. I‚Äôm from the tropics and we do have a few of the best beaches in the world however the Maldives just gives me a different feeling each time we‚Äôre there. Not to sound cheesy but being with someone you truly love and be able to enjoy the majestic beauty of the islands makes it more memorable. 

Like you, not a day goes by that I didn‚Äôt wish I was just listening to the serenity and looking out to the vastness of the ocean.",1,1,2018-09-14 05:13:40 UTC,0,eavevee,9fkuv0,t1_e5y5fgh,454,FALSE,True,maldives,0.996426404,0.000540926,0.003032645,0.85751605,0.007515302,0.134968638,0.865539074,0.001528025,0.132932946,positive,positive,positive,positive
e6jceap,hoping its very good ,6,1,2018-09-24 07:01:18 UTC,0,inerds,9idl8l,t1_e6jatat,21,FALSE,False,maldives,0.976475835,0.002983784,0.020540366,0.809329331,0.016308974,0.174361661,0.975938797,0.001605802,0.022455348,positive,positive,positive,positive
e6jh4mv,Definitely better than the other option,4,1,2018-09-24 10:03:32 UTC,0,oyster_bundumtum,9idl8l,t1_e6jatat,39,FALSE,False,maldives,0.678051114,0.066036291,0.255912632,0.396090984,0.078673393,0.525235653,0.891577244,0.003015418,0.105407298,positive,neutral,positive,positive
e6jirck,"And it gets even better as Pres. Abdulla Yameen admitted his defeat. Looks like this the end of his political career. Also, greatings from the r/Philippines.",4,1,2018-09-24 10:59:05 UTC,1,carl_dr_1995,9idl8l,t1_e6jatat,157,FALSE,False,maldives,0.138343409,0.077019058,0.784637511,0.765279651,0.019756336,0.214964077,0.963462949,0.002204343,0.03433267,neutral,positive,positive,positive
envxqsr,"that sounds awesome. do you have any photos? I'll be there in a couple weeks, kinda wanna go check it out :D",1,2,2019-05-17 09:43:43 UTC,0,grovemau5,be2tlb,t1_emlo6fe,108,FALSE,False,maldives,0.024779988,0.005890424,0.969329536,0.927635014,0.005526234,0.066838734,0.970179558,0.001129408,0.02869105,neutral,positive,positive,positive
emgagp3,"OMG, that's a really cool photo!   
(Not to mention the heavenly place, LOL!)",2,0,2019-05-04 00:30:20 UTC,1,ami-co,bj1f7b,t3_bj1f7b,77,FALSE,False,maldives,0.994030237,0.000866473,0.005103264,0.962407351,0.003964212,0.033628497,0.985193014,0.001242609,0.013564346,positive,positive,positive,positive
emh3a6o,Thanks! Heavenly is the word that comes closest :),2,1,2019-05-04 09:49:00 UTC,0,Mister20seven,bj1f7b,t1_emgagp3,50,FALSE,True,maldives,0.997193635,0.000423409,0.002382952,0.785768628,0.016427305,0.197804064,0.610216856,0.002798181,0.386984944,positive,positive,positive,positive
eq3z6yz,"Nice, the new igmh building really stands out huh",2,2,2019-06-05 20:17:48 UTC,0,hypespren,bx0p0q,t1_eq3z240,49,FALSE,False,maldives,0.989703953,0.001214831,0.00908125,0.707727432,0.013713845,0.278558791,0.861688316,0.001780522,0.136531219,positive,positive,positive,positive
eub7l2w,"man that looks nasty, but the colors are even better during a storm sometimes",1,0,2019-07-20 16:52:09 UTC,0,Mister20seven,cfn48i,t3_cfn48i,77,FALSE,False,maldives,0.876322448,0.049528439,0.07414908,0.890175581,0.011428892,0.098395482,0.856591284,0.002154412,0.141254261,positive,positive,positive,positive
ewknjbn,Wow I loved Maldives,2,0,2019-08-11 02:07:27 UTC,0,rtmfrutilai,cogmhj,t3_cogmhj,20,FALSE,False,maldives,0.996269703,0.000425943,0.003304328,0.958089054,0.009907524,0.032003392,0.990314782,0.002025401,0.007659839,positive,positive,positive,positive
exbars8,Love it,1,0,2019-08-18 11:17:24 UTC,2,,crk1ih,t3_crk1ih,7,FALSE,False,maldives,0.995370328,0.000522068,0.004107616,0.585564375,0.084145106,0.330290496,0.984307587,0.002442905,0.013249518,positive,positive,positive,positive
exbatoa,Thank you Buddy!,2,1,2019-08-18 11:17:59 UTC,1,Al_Vendra,crk1ih,t1_exbars8,16,FALSE,True,maldives,0.996555209,0.000599154,0.002845601,0.770088494,0.019451868,0.210459605,0.512246132,0.003962697,0.483791173,positive,positive,positive,positive
ex7gdmr,Sorry should have added that I love the footage,1,2,2019-08-17 16:41:12 UTC,0,RockerDawg,crk1ih,t1_ex77jej,47,FALSE,False,maldives,0.993931055,0.00087251,0.005196504,0.356640339,0.049229521,0.594130099,0.658783019,0.00337367,0.337843388,positive,neutral,positive,positive
exbawv6,Welcome,1,2,2019-08-18 11:18:56 UTC,0,,crk1ih,t1_exbatoa,7,FALSE,False,maldives,0.994271159,0.000766599,0.00496226,0.487540931,0.036621284,0.475837827,0.431634694,0.008486531,0.559878707,positive,positive,neutral,positive
exe3g1b,There are some great Maldivian photographers who takes breathtaking pictures of the culture :),1,2,2019-08-19 06:37:13 UTC,0,,crqtyc,t1_exco3o8,94,FALSE,False,maldives,0.995796084,0.000751157,0.003452798,0.935635328,0.006553194,0.057811413,0.968986928,0.001395787,0.029617297,positive,positive,positive,positive
exby4he,Have a blast!,2,0,2019-08-18 14:55:13 UTC,0,,cs18o4,t3_cs18o4,13,FALSE,False,maldives,0.504591584,0.276266605,0.219141841,0.569386244,0.059065819,0.371547967,0.052831758,0.048198827,0.898969412,positive,positive,neutral,positive
excpf17,Enjoyyyyy,2,0,2019-08-18 19:25:26 UTC,0,sofierylala,cs18o4,t3_cs18o4,9,FALSE,False,maldives,0.994610667,0.000627894,0.004761438,0.941742182,0.005476201,0.052781638,0.986217141,0.001768254,0.012014645,positive,positive,positive,positive
exdc79m,"Yay :)

Edit: Qatar app?",2,0,2019-08-18 23:59:00 UTC,1,CatKungFu,cs18o4,t3_cs18o4,24,FALSE,False,maldives,0.002814352,0.001202289,0.995983362,0.657869399,0.016941553,0.325189024,0.872556031,0.001787634,0.125656366,neutral,positive,positive,positive
exdk4jl,"Thanks guys!

Emirates! :)",1,1,2019-08-19 01:40:22 UTC,0,eavevee,cs18o4,t1_exdc79m,26,FALSE,True,maldives,0.995820045,0.000618836,0.00356109,0.67346698,0.044045106,0.282487839,0.470727086,0.003868798,0.525404155,positive,positive,neutral,positive
eyb3sx0,Nice photos üòÄüëåüèªüëåüèªüëåüèª,3,0,2019-08-28 06:56:03 UTC,1,aneesu401,cwcmlz,t3_cwcmlz,19,FALSE,False,maldives,0.992642939,0.0007669,0.006590144,0.859766543,0.028254397,0.11197909,0.920768917,0.00367246,0.07555861,positive,positive,positive,positive
f0xxudz,You own a lovely collection of the old Maldives,2,0,2019-09-21 07:59:19 UTC,2,,cwcmlz,t3_cwcmlz,47,FALSE,False,maldives,0.993319392,0.000828366,0.005852279,0.843688548,0.018796908,0.137514502,0.983120084,0.001562788,0.015317066,positive,positive,positive,positive
eybw8ug,Greatüòç collection üëåüèªüëåüèªüëåüèªüëåüèª,1,0,2019-08-28 11:47:54 UTC,0,aneesu401,cwcmlz,t3_cwcmlz,26,FALSE,False,maldives,0.997199655,0.000497319,0.002303001,0.872597873,0.023130231,0.104271851,0.974012971,0.002819258,0.0231677,positive,positive,positive,positive
eybt9ul,Thanks. This was taken by my parents.,2,1,2019-08-28 11:23:57 UTC,0,sofierylala,cwcmlz,t1_eyb3sx0,37,FALSE,True,maldives,0.996644616,0.000713583,0.002641776,0.533742368,0.05384364,0.412414014,0.1023615,0.006821057,0.890817463,positive,positive,neutral,positive
f100pam,Thank you! All from my childhood growing up there,2,1,2019-09-21 22:40:08 UTC,1,sofierylala,cwcmlz,t1_f0xxudz,49,FALSE,True,maldives,0.994718015,0.00078334,0.004498621,0.867842376,0.015021594,0.117136046,0.760286689,0.00313241,0.236580938,positive,positive,positive,positive
f110l7u,Beautiful!,2,2,2019-09-22 02:33:34 UTC,0,,cwcmlz,t1_f100pam,10,FALSE,False,maldives,0.969426334,0.005452087,0.025121573,0.719414413,0.059134498,0.221451089,0.290202886,0.008792831,0.701004267,positive,positive,neutral,positive
fc07lkm,"Hi and thanks. Greetings to you all too, much love from Maldives ‚ù§Ô∏è üá≤üáª",2,0,2019-12-25 13:52:29 UTC,0,idkreally101,e4a8xa,t3_e4a8xa,70,FALSE,False,maldives,0.996803045,0.000453288,0.002743719,0.967197597,0.00594707,0.026855404,0.984199882,0.001488267,0.014311878,positive,positive,positive,positive
j0g3pp6,thank you and also happy almost end of the year!,1,0,2022-12-16 11:40:13 UTC,0,SnakeViper60,e4a8xa,t3_e4a8xa,48,FALSE,False,maldives,0.996591091,0.00052795,0.002880987,0.969768941,0.004818506,0.02541261,0.988180399,0.001910357,0.009909255,positive,positive,positive,positive
fhs3g9m,Very nice! Might be going to the Maldives later in November - looking forward to it.,2,0,2020-02-16 11:18:47 UTC,0,chinmoylad,f4do3p,t3_f4do3p,84,FALSE,False,maldives,0.991452575,0.001003632,0.007543749,0.95481354,0.003033394,0.042153094,0.991633534,0.001532833,0.006833634,positive,positive,positive,positive
fj6wxan,"Stayed for 10 days, all very good, great friendly staff and restaurants excellent. The only down side was the snorkelling trip - no coral and not a lot to see in the way of coloured fish. We stayed in the earth villas with a pool, a short walk of a few metres took us into the beautiful warm sea.
We had a great time and would recommend - enjoy",3,1,2020-03-01 16:58:21 UTC,2,Casaescoces,fbszv8,t1_fj6noar,344,FALSE,True,maldives,0.99681443,0.000415106,0.002770455,0.980259836,0.004111103,0.015629023,0.992736578,0.002200842,0.005062594,positive,positive,positive,positive
fj70ie8,"Seconded, ozen is one of the nicest resorts in the country, especially at the price point it's at.",2,1,2020-03-01 17:32:15 UTC,0,CLICKMVSTER,fbszv8,t1_fj6noar,98,FALSE,False,maldives,0.990805268,0.001492896,0.007701831,0.368818551,0.027618177,0.603563309,0.926041305,0.001336205,0.072622493,positive,neutral,positive,positive
fq7pojm,"Hey, do you play Pok√©mon Go? I‚Äôd love to be friends with a player in the Maldives.",1,1,2020-05-10 22:28:07 UTC,0,nerdfighter8842,ggzmcy,t1_fq5l776,82,FALSE,False,maldives,0.997190416,0.00047789,0.002331765,,,,0.975024641,0.001086641,0.023888707,positive,,positive,positive
fvthvv1,"Great suggestions! I‚Äôve been to both, and they attract two very different types of guests. Jani is for the Instagram/influencer crowd, plus the sexy celebrities.  Beautiful place, but it‚Äôs a 2-5 day experience for me.  Fushi is more like old money, subdued luxury, more private, family friendly. I could stay at Fushi for a month if my bank account and job responsibilities would permit it.  I also recommend Gili Lakanfushi (another Soneva property about 10 years ago).",5,0,2020-06-24 04:13:51 UTC,0,fakeit-makeit,hejvi9,t3_hejvi9,470,FALSE,False,maldives,0.962065279,0.008843532,0.029091194,,,,0.901827872,0.001675777,0.096496403,positive,,positive,positive
fvwfjl5,Love it! I agree. I‚Äôve heard that about Jain. I‚Äôve only stayed at Fushi but loved it and hope to return soon!,1,1,2020-06-24 22:39:46 UTC,0,JerseyGuyonReddit,hejvi9,t1_fvtnosf,109,FALSE,True,maldives,0.996408522,0.000538149,0.003053367,0.957462311,0.005040734,0.037496965,0.991273701,0.001425018,0.007301345,positive,positive,positive,positive
fzal5nd,It's actually independence day. But thank you,3,0,2020-07-26 11:50:51 UTC,1,Voidvicer,hy4ntj,t3_hy4ntj,45,FALSE,False,maldives,0.99626559,0.000602194,0.003132265,0.917546391,0.007904713,0.074548915,0.158617929,0.003168022,0.83821404,positive,positive,neutral,positive
g84n08u,Looking forward to welcoming you back to paradise!,2,0,2020-10-08 17:36:42 UTC,0,Craiggem,j77xnh,t3_j77xnh,50,FALSE,False,maldives,0.994429231,0.000555504,0.00501529,0.962726653,0.002657717,0.034615636,0.985314488,0.001127861,0.013557697,positive,positive,positive,positive
g9gdy5f,Good read üëå,2,0,2020-10-20 17:54:36 UTC,0,inerds,jemi86,t3_jemi86,11,FALSE,False,maldives,0.977609694,0.0019071,0.020483226,0.902782857,0.020468306,0.076748759,0.945333123,0.003304499,0.051362459,positive,positive,positive,positive
gdtkl0t,Wow lucky you! I sure will be back some day!üôÇüëå,2,2,2020-11-28 01:03:54 UTC,2,ZexyS,k2d1ow,t1_gdtkhhr,46,FALSE,True,maldives,0.995140433,0.00054296,0.004316629,0.910021186,0.018569715,0.071409144,0.975183785,0.001901178,0.022915049,positive,positive,positive,positive
gmvcfux,Is it possible to get free stay or some kind of hefty discount if I tell them that Im a Travel Vlogger(got my Youtube channel)and that Im about to record and make videos of Sun Island and make a nice Travel Vlog on my Youtube channel? Can I e mail them with this proposal before I go next time?,1,2,2021-02-10 22:25:57 UTC,4,ZexyS,k2d1ow,t1_gdtkhhr,294,FALSE,True,maldives,0.995820999,0.000588192,0.00359077,0.690444708,0.008794916,0.300760329,0.782633066,0.001557374,0.215809539,positive,positive,positive,positive
gdtmpyf,"Oh cool! No he left Villa ages ago, about ten years ago.",2,3,2020-11-28 01:25:35 UTC,0,sofierylala,k2d1ow,t1_gdtmmr2,56,FALSE,False,maldives,0.993402779,0.001008388,0.005588868,0.418263793,0.039849602,0.541886568,0.772399366,0.002237066,0.225363582,positive,neutral,positive,positive
gmvcx4f,"Ok thanks :)
Not sure if those Youtubers who advertise various Resorts get free stay or discount for their filming there? Do you know maybe?",1,4,2021-02-10 22:29:33 UTC,2,ZexyS,k2d1ow,t1_gmvcngt,140,FALSE,True,maldives,0.824356973,0.004282615,0.171360403,0.80902046,0.005722858,0.18525666,0.839992583,0.002380803,0.157626599,positive,positive,positive,positive
gmvdj9g,"Ok thanks! But I will try anyway next time :) Will ask them before I go.
Anyway I will go to the Sun Island several times for sure. And many other resorts. Some resorts are ridiculously expensive but they look soo great! Sun Island is awesome of course! Cant wait to go back! Since Im an artist by profession, I will make sketches and lil paintings next time!",1,6,2021-02-10 22:34:12 UTC,0,ZexyS,k2d1ow,t1_gmvd185,359,FALSE,True,maldives,0.895834625,0.018169943,0.085995376,0.974908054,0.002529656,0.022562355,0.992372513,0.001456951,0.006170589,positive,positive,positive,positive
ge5mj5d,Looks amazing! Jealous! What‚Äôs the temperature?,1,0,2020-11-30 15:39:37 UTC,7,thislife_choseme,k3lnk5,t3_k3lnk5,47,FALSE,False,maldives,0.643340647,0.158247024,0.198412359,0.69769901,0.020543812,0.281757236,0.12881951,0.288459718,0.582720697,positive,positive,neutral,positive
ge5x4yd,"Yes if you go to the specific resort. All island is yours. But if you go to the local island, then you can move around from local island to local island. Resorts are much better and unfortunately much more exoensive.",1,1,2020-11-30 17:06:41 UTC,0,ZexyS,k3lnk5,t1_ge5wt6q,216,FALSE,True,maldives,0.005248579,0.95037365,0.044377811,0.763491631,0.011298885,0.225209415,0.857867658,0.00216204,0.139970303,nagative,positive,positive,positive
ggqwtp0,Is there a good time of year to try to see this??,2,0,2020-12-23 00:25:19 UTC,1,findmepoints,kifvol,t3_kifvol,49,FALSE,False,maldives,0.986433148,0.001328298,0.012238537,0.893359482,0.006453543,0.100186922,0.98617506,0.001435031,0.012389942,positive,positive,positive,positive
ggts8mg,Beautiful- good photo too :),2,0,2020-12-23 19:53:13 UTC,0,CatKungFu,kifvol,t3_kifvol,28,FALSE,False,maldives,0.992153347,0.000890542,0.006956147,0.958782077,0.010397352,0.030820556,0.981907904,0.001939798,0.016152304,positive,positive,positive,positive
ggzpmt5,"Good photo, But it's common in the islands",2,0,2020-12-25 15:08:11 UTC,2,Queasy-Photograph930,kifvol,t3_kifvol,42,FALSE,False,maldives,0.951858163,0.004584499,0.043557383,0.922343194,0.009968553,0.067688219,0.974614441,0.001606612,0.023778936,positive,positive,positive,positive
glu8zh4,Soo nice and majestic,1,0,2021-02-03 08:07:37 UTC,1,AKUMAL-22,kifvol,t3_kifvol,21,FALSE,False,maldives,0.967497647,0.012863242,0.019639157,0.962593198,0.008048238,0.029358532,0.979771316,0.001621152,0.01860752,positive,positive,positive,positive
gh3aw95,True that,1,2,2020-12-26 18:34:20 UTC,0,200BOTyt,kifvol,t1_gh21qzt,9,FALSE,True,maldives,0.98625654,0.002523968,0.011219453,0.553113937,0.082407281,0.364478797,0.157650054,0.03148311,0.810866833,positive,positive,neutral,positive
j3fx0ug,"I just got back from the Maldives and saw the bioluminescent plankton. Very very cool! The locals said it isn‚Äôt a very common experience.

As for using the seaplane, you‚Äôre right that they don‚Äôt fly at night, so you either have to be gone on the last flight of the day, which is around 3:30pm, or you have to stay til the next day.",2,3,2023-01-08 07:14:45 UTC,0,Hip_Girl,kifvol,t1_gh3gvq0,331,FALSE,False,maldives,0.947123051,0.002588643,0.050288305,0.615349531,0.006375987,0.378274471,0.164460942,0.003011911,0.832527161,positive,positive,neutral,positive
gijk4e1,"Thank you so much for highlighting this, it has now been updated!",1,1,2021-01-08 14:25:44 UTC,0,5Media,kt2nzm,t1_gijja45,65,FALSE,True,maldives,0.996026874,0.000849275,0.003123846,0.939617515,0.01248634,0.047896203,0.630398512,0.002849094,0.366752446,positive,positive,positive,positive
gka6ptk,You‚Äôre welcome ‚ò∫Ô∏è,1,5,2021-01-23 02:38:25 UTC,0,sofierylala,l2qhnr,t1_gka66ao,17,FALSE,False,maldives,0.994271159,0.000766599,0.00496226,0.487540931,0.036621284,0.475837827,0.431634694,0.008486531,0.559878707,positive,positive,neutral,positive
gn2dm4p,Herons are awesome,6,0,2021-02-12 15:19:42 UTC,0,ZahirIbrahimZahir,lid38p,t3_lid38p,18,FALSE,True,maldives,0.026236573,0.008582393,0.965180993,0.691918254,0.019583028,0.2884987,0.983093739,0.001764096,0.015142138,neutral,positive,positive,positive
gp7assv,Love Allah love God any n every,1,0,2021-02-28 18:24:06 UTC,0,ZahirIbrahimZahir,lid38p,t3_lid38p,31,FALSE,True,maldives,0.996853888,0.000530401,0.002615705,0.947258651,0.004973711,0.047767621,0.988824546,0.001515956,0.009659553,positive,positive,positive,positive
gndo5ff,"This is so cool, do you have any more photos of Maldives life like this?",3,0,2021-02-14 08:57:40 UTC,5,krishna_p,lj0az4,t3_lj0az4,72,FALSE,False,maldives,0.99356997,0.000711487,0.005718486,0.819105744,0.013513395,0.16738081,0.91395998,0.001715961,0.084324032,positive,positive,positive,positive
gnmsa7z,True.,2,2,2021-02-16 10:10:16 UTC,0,00YOMAN,lkl5xs,t1_gnlu7in,5,FALSE,False,maldives,0.98625654,0.002523968,0.011219453,0.553113937,0.082407281,0.364478797,0.157650054,0.03148311,0.810866833,positive,positive,neutral,positive
go7lqyb,Now them have very good offer : water villa with breakfast for 30 days cost 6000$ + tax (23%) + fly on hydroplane in both sides 450$ for one person,2,1,2021-02-21 08:56:20 UTC,2,Triggerfish111,lnvo5h,t1_go4ixwo,147,FALSE,True,maldives,0.978161812,0.002422329,0.019415863,0.587748289,0.013953872,0.398297846,0.879832745,0.001717966,0.118449286,positive,positive,positive,positive
go3pbjh,"Is it a resort or an island? Amazing, I love your photos! Enjoy paradise!",2,2,2021-02-20 08:30:44 UTC,3,,lnvo5h,t1_go3ii34,73,FALSE,False,maldives,0.996893525,0.000414441,0.002691967,0.931084096,0.004315804,0.064600132,0.992009401,0.001815745,0.006174853,positive,positive,positive,positive
go4eonu,"This resort : The Standard , thank u!",2,3,2021-02-20 14:34:47 UTC,0,Triggerfish111,lnvo5h,t1_go3pbjh,37,FALSE,True,maldives,0.995197713,0.000569067,0.004233248,0.485801756,0.040669069,0.47352919,0.649548769,0.002957403,0.347493827,positive,positive,positive,positive
gpwn0gv,Are you looking forward to just speaking fluently or to read write ?,1,0,2021-03-06 09:27:15 UTC,0,joes_u,lyomnx,t3_lyomnx,68,FALSE,False,maldives,0.002068316,0.00079511,0.997136593,0.879054785,0.006809627,0.114135623,0.634145081,0.002091028,0.363763899,neutral,positive,positive,positive
gq7vwew,Wow beautiful!,3,0,2021-03-08 15:28:56 UTC,0,OuchieMyPwussy,m0hn2x,t3_m0hn2x,14,FALSE,False,maldives,0.97234261,0.002496773,0.025160542,0.902288795,0.026929995,0.070781149,0.972588181,0.002872233,0.024539651,positive,positive,positive,positive
hnpgdud,rgb is better,1,0,2021-12-08 11:40:33 UTC,0,0_oLuth,m0hn2x,t3_m0hn2x,13,FALSE,False,maldives,0.596763194,0.07020399,0.333032817,0.409150422,0.054651376,0.536198199,0.914600909,0.004195041,0.081204012,positive,neutral,positive,positive
gqoib59,What? Because it's the best place on Earth.,2,1,2021-03-12 11:42:35 UTC,7,,m2yyo1,t1_gqmnvlc,43,FALSE,False,maldives,0.996653378,0.000731273,0.002615429,0.924916625,0.01097867,0.064104699,0.984997392,0.001348126,0.01365454,positive,positive,positive,positive
gr3kzhq,Beautiful!,2,0,2021-03-16 07:07:11 UTC,0,lily_love_88,m63610,t3_m63610,10,FALSE,False,maldives,0.969426334,0.005452087,0.025121573,0.719414413,0.059134498,0.221451089,0.290202886,0.008792831,0.701004267,positive,positive,neutral,positive
gs9j950,thanks for these! where can I find the rest?,2,0,2021-03-26 06:26:53 UTC,1,freshorang,md8jay,t3_md8jay,44,FALSE,False,maldives,,,,0.631773412,0.051151764,0.317074776,0.50507623,0.005128598,0.489795178,,positive,positive,positive
gsrhree,"Lucky you, this place is truly amazing!
Thanks for reaching out, we are having a blast",2,1,2021-03-30 03:21:22 UTC,1,chefvegas,mdpwen,t1_gsb482z,86,FALSE,True,maldives,,,,0.924318671,0.01306092,0.062620401,0.986794412,0.001260481,0.011945116,,positive,positive,positive
gss0wlk,That's great to know. Glad you're enjoying yourselves.,1,2,2021-03-30 07:33:22 UTC,0,Voidvicer,mdpwen,t1_gsrhree,54,FALSE,False,maldives,0.996307969,0.000410508,0.003281495,0.972272635,0.00751021,0.020217177,0.992402673,0.00194299,0.005654296,positive,positive,positive,positive
jm49nbc,Nice to know.,1,3,2023-05-29 21:01:52 UTC,0,Dyslexic_Shen,mesphg,t1_jm45uj8,13,FALSE,True,maldives,0.989243746,0.000836925,0.00991928,0.567858338,0.047058538,0.385083169,0.858285785,0.005413765,0.136300474,positive,positive,positive,positive
gstrgg6,Incredible! Hope to go there one day in my life.,3,0,2021-03-30 18:10:09 UTC,0,bloomsburymike,mge8w1,t3_mge8w1,48,FALSE,False,maldives,0.866694093,0.055167265,0.078138679,0.657284319,0.029476404,0.313239306,0.490514398,0.003593585,0.505892038,positive,positive,neutral,positive
gsvtooa,This is so beautiful. I love everything about it. Thanks for sharing!,2,0,2021-03-31 04:59:04 UTC,1,MasqueradeOfSilence,mge8w1,t3_mge8w1,69,FALSE,False,maldives,0.997177482,0.000524278,0.00229829,0.964472115,0.012757545,0.022770345,0.992308378,0.002545596,0.005145956,positive,positive,positive,positive
guctwja,"Thank you for the wonder video,this is peace",1,0,2021-04-13 10:32:32 UTC,0,nathiyadlk,mge8w1,t3_mge8w1,44,FALSE,False,maldives,0.996835649,0.000582965,0.002581426,0.828288913,0.015276764,0.156434342,0.260469496,0.003216744,0.73631376,positive,positive,neutral,positive
gswaxfg,Glad you enjoyed!,2,1,2021-03-31 09:00:18 UTC,0,chefvegas,mge8w1,t1_gsvtooa,17,FALSE,True,maldives,0.995565712,0.000475105,0.003959182,0.946115077,0.011900016,0.041984953,0.990122378,0.001855455,0.00802211,positive,positive,positive,positive
gv19mo9,Which did you enjoy more; the overwater bungalow or the beach side villa?,1,1,2021-04-19 01:50:50 UTC,2,BBQ_Ninja,mge8w1,t1_gswa7yl,73,FALSE,False,maldives,0.994454086,0.000554911,0.004990984,0.858439744,0.00350985,0.138050377,0.984562218,0.001264235,0.014173551,positive,positive,positive,positive
gvqvzl4,"They both had their own individual charms, if I was pressed id say the overwater bungalow was most enjoyable.",1,2,2021-04-24 20:30:54 UTC,1,chefvegas,mge8w1,t1_gv19mo9,109,FALSE,True,maldives,0.995405078,0.000747335,0.003847594,0.597501993,0.008210427,0.394287616,0.072687149,0.003898692,0.923414111,positive,positive,neutral,positive
gvtxn6c,"Thanks for your opinion. I've never been to the Maldives and it seems that, for most first-timers, it's usually the quintessential over the water villa. When this whole pandemic thing blows over, I may just look into that!",1,3,2021-04-25 16:23:47 UTC,0,BBQ_Ninja,mge8w1,t1_gvqvzl4,222,FALSE,False,maldives,0.989571095,0.001719299,0.008709596,0.040956382,0.616565347,0.342478305,0.010305485,0.054746758,0.934947729,positive,negative,neutral,positive
guctsoo,Beautiful View!!,1,0,2021-04-13 10:30:53 UTC,0,nathiyadlk,mjwl9r,t3_mjwl9r,16,FALSE,False,maldives,0.989214003,0.002198668,0.008587365,0.847362816,0.023529507,0.129107684,0.876630902,0.003341558,0.120027572,positive,positive,positive,positive
hnpgblv,no the best dinner spot is in ghoulblades house,2,0,2021-12-08 11:39:46 UTC,0,0_oLuth,mrdyxl,t3_mrdyxl,47,FALSE,False,maldives,0.996246278,0.000657926,0.003095744,0.657057881,0.013182138,0.329760015,0.980664611,0.001219613,0.018115746,positive,positive,positive,positive
gvp87x1,Hope the voice is clearer than before over the music,2,0,2021-04-24 14:01:25 UTC,0,lioriclionheart,mx7qze,t3_mx7qze,52,FALSE,True,maldives,0.991091132,0.001376861,0.007532025,0.693018615,0.028039178,0.278942227,0.271764547,0.004123728,0.724111676,positive,positive,neutral,positive
h9zwyzu,That's an accurate representation of the freedom given to a person. Being there is discrimination with non Muslims,3,0,2021-08-23 04:50:23 UTC,0,redbudwiser,p9jy34,t3_p9jy34,114,FALSE,False,maldives,0.986529708,0.003475347,0.009994955,0.021436123,0.520732164,0.457831651,0.012767766,0.025363112,0.961869061,positive,negative,neutral,positive
ha0e7bx,"Haha, I'm glad I skimmed through the introduction of that report. 'You make your own soul', ok. But I agree with its findings about the Maldives.

We have a cultural dogma. I think the majority here believe that Maldivians are special because they are part of a pure group. 'No non-Muslims'. Uncorrupted by 'kafir' ideology. It's a legal fiction.

Maldivian institutional systems do not adequately support protection of ***any*** minority rights. But religious minorities just don't exist in the law. u/CapnHanSolo interestedly mentioned the Geneva Conventions. The situation here accurately contravenes the very spirit of the 1992 declaration on minorities (UNGA resolution 47/135) and of Maldives' own constitutional protections (Chapter 2).

If you're a religious minority, and you have angered the majority - they are legally sanctioned to imprison you. There's no sense in sugar-coating it. How often this happens is irrelevant to the fact that it is allowed to happen and there's a framework for it. If the moratorium on death penalty is lifted, they can even execute you. A legal murder. Maldivian law is stubborn and unjust in this area.

Minority groups are substantial enough that people can always live a relatively free life if we do not push the majority narrative too hard. But with both groups as vocal as they are now, I feel that might not be the case soon.

PS:. Tourism in Maldives has existed in enclaves. Bubbles. Workers at guesthouses at substantially tourist islands like Maafushi are distant from the experience of Maldivians in inhabited islands and cities (who form the majority vote). They are valuable input as experience of Maldivians, but they live very far from institutions and the law (labour law too, sadly).",3,0,2021-08-23 08:38:34 UTC,0,paradiserythm,p9jy34,t3_p9jy34,1743,FALSE,False,maldives,0.517501652,0.158845022,0.323653311,0.688081503,0.029857073,0.282061398,,,,positive,positive,,positive
hhfuxn7,"Thank you, kind stranger. This is definitely helpful!",1,0,2021-10-21 01:47:44 UTC,0,sefiteni,qc1r0d,t3_qc1r0d,53,FALSE,False,maldives,0.985685349,0.003231945,0.011082743,0.922595263,0.020223558,0.057181142,0.964856029,0.001265634,0.033878282,positive,positive,positive,positive
hj4ri71,"Thanks a lot brother.  
Actually I am doing this: Local island 1 (Maafushi) --> Local island 2 (Fulidhoo) --> Atmosphere Kanifushi (Resort Island).

I informed the resort island while booking that i will be coming from local island. They acknowledged it and did not mention about any restriction. So i suppose they are okay with this. I will still drop them a detailed itinerary again just to be 100% sure before visiting Maldives.",1,5,2021-11-03 10:43:55 UTC,3,Jobrointhehouse,qc1r0d,t1_hj4bgtw,431,FALSE,False,maldives,0.857709646,0.017364178,0.124926127,0.631078839,0.015670858,0.353250295,0.546551883,0.003093046,0.450355053,positive,positive,positive,positive
hjqbn1y,"Sounds good, have fun and safe trip! It's going to be awesome, I'm sure",1,8,2021-11-07 22:18:08 UTC,0,TheBurningDude123,qc1r0d,t1_hjnbpup,71,FALSE,False,maldives,0.994383454,0.000533263,0.005083235,0.975798965,0.005221359,0.018979682,0.992541075,0.002174486,0.005284427,positive,positive,positive,positive
hmka1d6,Thank you for this post. It'll be VERY helpful!,1,0,2021-11-29 18:52:20 UTC,0,stryker213,r4r8t1,t3_r4r8t1,47,FALSE,False,maldives,0.995311439,0.000779091,0.003909541,0.432742059,0.051705446,0.515552461,0.946778893,0.001350404,0.051870659,positive,neutral,positive,positive
hmrs1hc,"Really good post, Faru! I didn't know about the 72 hours PCR at departure, I only thought it was a requirement at arrival.
We are staying in Mal√© for 1 night before flying back to Denmark - do you know where we can do a PCR test, which is cheap in Mal√©? The resort charge 130 USD per person, which I think is outrageous, as it should be free from the government..",1,0,2021-12-01 07:33:04 UTC,4,TheBurningDude123,r4r8t1,t3_r4r8t1,363,FALSE,False,maldives,0.936540186,0.011765226,0.051694594,0.320089191,0.020776616,0.659134209,0.884501338,0.002315453,0.113183171,positive,neutral,positive,positive
hnmy66o,"Thanks alot for the info @frhnwunderkid !

Question (sorry if i sound a lil desperate): what are my chances in finding discounts or offers from hotels? Whats the best time to visit Maldives ? I really want to take my wife out there after marriage but limited by budget. Would appreciate any info you can throw my way üôÇ",1,0,2021-12-07 20:53:17 UTC,2,omer_arshad,r4r8t1,t3_r4r8t1,318,FALSE,False,maldives,0.996960461,0.000441272,0.002598261,0.768155873,0.012398323,0.219445735,0.057048626,0.012121064,0.9308303,positive,positive,neutral,positive
hormukc,Is diazepam illegal? Take it bc I don‚Äôt love to fly. Helps with jitters.,1,0,2021-12-16 11:10:36 UTC,1,LegalFollowing9053,r4r8t1,t3_r4r8t1,72,FALSE,False,maldives,0.994774044,0.00062475,0.004601199,0.478116423,0.063542679,0.458340973,0.470745385,0.002986485,0.526268125,positive,positive,neutral,positive
hnapas8,It is not as it is shown in the google weather. I am here from 2nd Dec and the weather is sunny and bright. One time it rained for sometime then gone back to nomal good weather. Just come and you will have very good time!,1,1,2021-12-05 06:47:46 UTC,0,SkyAtLarge,r4r8t1,t1_hml4lo7,221,FALSE,False,maldives,0.919874728,0.00811159,0.072013706,0.896409392,0.003867581,0.099723071,0.373420656,0.013135669,0.613443673,positive,positive,neutral,positive
hq147sc,We just got back - we found a crazy good deal through TravelZoo.,2,1,2021-12-26 15:07:11 UTC,0,TattooedTeacher316,r4r8t1,t1_hnmy66o,64,FALSE,False,maldives,0.989438057,0.001054319,0.009507685,0.919886291,0.002825012,0.07728865,0.971652329,0.001214029,0.027133616,positive,positive,positive,positive
hr0z6l1,I don't recommend May through October. Weather's patchy. Rest of the year = great.,1,1,2022-01-03 03:28:43 UTC,3,,r4r8t1,t1_ho4desq,82,FALSE,False,maldives,0.995306671,0.000619292,0.00407407,0.92940408,0.006522436,0.064073451,0.980706573,0.001223817,0.018069603,positive,positive,positive,positive
hmil5mg,"thanks for this. However, I was asking more like:

1. Would the sim be more like $5 or $50?
2. By the ""tip"" I also mean more like ""is $1 a good tip? $5? $10, $20?"" I have no idea what the salaries are and what's ""customary"" on the islands.

I have no idea what's the spending/money power in the Maldives (or salaries).",2,2,2021-11-29 10:13:28 UTC,3,ozyri,r4r8t1,t1_hmijl0n,318,FALSE,False,maldives,0.992354155,0.00118439,0.006461413,0.759444654,0.013419152,0.22713618,0.655348897,0.002440801,0.342210293,positive,positive,positive,positive
i0pwy6y,Any recs on Nov vs December? Or are both months pretty good? I'm considering visiting either during Thanksgiving (last week of Nov) or Christmas time. Thanks!,1,2,2022-03-15 06:26:58 UTC,2,ospreyintokyo,r4r8t1,t1_hr0z6l1,158,FALSE,False,maldives,0.993955433,0.000679557,0.005365023,0.881417871,0.006601426,0.111980706,0.983958244,0.001084292,0.014957448,positive,positive,positive,positive
i10w5iv,"Thanks for the reply, 

I‚Äôve got one sorted I‚Äôm just awaiting it being delivered. Hopefully it‚Äôs good enough. 

Side questions, where‚Äôs the best places to surf and is it easy to buy a board over there? üòÖ",1,2,2022-03-17 14:49:25 UTC,0,starlinkNFT,r4r8t1,t1_i10vjjd,203,FALSE,False,maldives,0.995541155,0.000457766,0.004001085,0.906190455,0.007806421,0.086003132,0.900140405,0.001363334,0.098496348,positive,positive,positive,positive
i10v524,"Sorry I haven't been so active recently.   


Both are fine, December better!   
November is great too but ofcourse Christmas and New Year season is way more festive (but a little pricier)",1,3,2022-03-17 14:42:29 UTC,1,,r4r8t1,t1_i0pwy6y,188,FALSE,False,maldives,0.987959623,0.002904,0.009136422,0.905057788,0.006075569,0.088866569,0.976653397,0.001459193,0.021887438,positive,positive,positive,positive
hmnpebe,"Thank you so much, really appreciate this",1,4,2021-11-30 13:08:31 UTC,0,Slayonetta,r4r8t1,t1_hmmbcmw,41,FALSE,False,maldives,0.996856332,0.000520893,0.002622761,0.887396812,0.028080469,0.084522776,0.989841163,0.00170254,0.008456263,positive,positive,positive,positive
hmns8g2,Its another way of enjoy the beautiful islands lol,1,4,2021-11-30 13:34:36 UTC,0,Moz3011,r4r8t1,t1_hmjkx02,50,FALSE,False,maldives,0.994751513,0.000556561,0.00469195,0.909370005,0.009346712,0.081283316,0.983317077,0.001220346,0.015462543,positive,positive,positive,positive
hmwp4rr,We will do PCR tests in Mal√© before leaving Maldives. I do not have extra energy to deal with airport security after such a lovely trip to Maldives. Thanks again for the help!,1,4,2021-12-02 07:52:39 UTC,0,TheBurningDude123,r4r8t1,t1_hmwoy7f,175,FALSE,False,maldives,0.99594444,0.000471909,0.003583625,0.43634966,0.019773383,0.543876946,0.808425307,0.001619563,0.18995519,positive,neutral,positive,positive
i129ae6,Thank you!,1,4,2022-03-17 20:05:01 UTC,0,ospreyintokyo,r4r8t1,t1_i10v524,10,FALSE,False,maldives,0.995448172,0.000818881,0.003732955,0.5645172,0.076551341,0.358931422,0.354482323,0.01093156,0.634586096,positive,positive,neutral,positive
hzu7wa6,"I'm doing great thanks. I have a great job and live in one of the most beautiful countries in the world. Race card or not the truth Is the truth. Never mind what you people did to us humans, white people have driven so many anmials to extinction. You guys almost drove the bangal tiger and the black buck to extinction during the colonial period in india.",2,6,2022-03-08 14:18:01 UTC,0,q1t0,t4gjgf,t1_hztryo8,355,FALSE,False,maldives,0.996130586,0.000706019,0.003163431,0.652802944,0.079617113,0.267579973,0.854183316,0.032486647,0.113330022,positive,positive,positive,positive
ig9u8m9,He is not here anymore,1,0,2022-07-15 15:14:02 UTC,0,Otherwise-Story7984,vxufm4,t3_vxufm4,22,FALSE,False,maldives,0.986132264,0.002076923,0.011790824,0.207842141,0.173884124,0.618273675,,,,positive,neutral,,positive
ilvswi7,Thanks! I recall occasionally seeing pops of purple in mas huni. Are shallots ever used in place of onion?,2,1,2022-08-26 15:45:52 UTC,1,LazyPasse,wxvxsw,t1_iluej7q,106,FALSE,True,maldives,0.980121136,0.004093092,0.015785756,0.657507122,0.041250549,0.301242322,0.227120817,0.005141143,0.767737985,positive,positive,neutral,positive
irm1ugt,"Dont deprive yourself, snorkling here is GREAT fun. But be SUPER careful, go in pairs if possible, with a floatie ideally. Stay safe.",2,1,2022-10-09 08:21:22 UTC,1,witbeats,xzcwdl,t1_irlvn7o,133,FALSE,True,maldives,0.994831145,0.000808337,0.004360547,0.978252172,0.005302827,0.016445056,0.992273033,0.00195518,0.005771763,positive,positive,positive,positive
iroei85,thnx your advised is very much helpful .. I will keep in mind.,2,2,2022-10-09 20:14:53 UTC,0,gebickidex03,xzcwdl,t1_irm1ugt,62,FALSE,False,maldives,0.90916568,0.012690554,0.078143716,0.839457512,0.038338296,0.122204252,0.976604998,0.001394426,0.022000549,positive,positive,positive,positive
ivxto73,Thank you for the insight but did you purposely make it super wordy and repetitive for search engine optimization? You seem to repeat ‚Äúkeep on reading to learn more‚Äù over and over.,3,0,2022-11-11 12:30:04 UTC,1,jkim229,yrquna,t3_yrquna,180,FALSE,False,maldives,0.994724095,0.000662681,0.00461322,0.524874032,0.063557431,0.411568522,0.765725017,0.002806113,0.231468871,positive,positive,positive,positive
jcdpct4,"
I had a similar experience while I was visiting the Maldives. I found many people had a great deal of respect and admiration for the European and Arab cultures, but at the same time, the same cultures shared some of the same values which I had seen in other parts of Asia, such as the importance of family and mental health. It's interesting to see how the culture is adapting to modern times, but at the same time, retaining some of the traditional values which have been passed down for centuries.",2,0,2023-03-16 02:10:26 UTC,0,amy_mighty_travels,zseqd9,t3_zseqd9,500,FALSE,False,maldives,0.996801734,0.000446062,0.00275219,0.492291719,0.01334291,0.494365364,0.761153698,0.001675492,0.237170771,positive,neutral,positive,positive
j18qmu3,"That's a deep reflection. What can I do to learn more about authentic Dhivehi culture (not influenced by Islam or colonialism)?

PS: I'll be visiting the country as a solo traveler soon and I'd like to learn also about the local culture. The traditional Dhivehi writing looks really cool.",2,1,2022-12-22 14:32:24 UTC,0,BroodingShark,zseqd9,t1_j183e61,288,FALSE,False,maldives,0.989607275,0.000940811,0.009451908,0.475715071,0.014070453,0.510214448,0.889355659,0.001348155,0.109296151,positive,neutral,positive,positive
j8ak4rd,Thank you.,1,1,2023-02-12 21:59:11 UTC,0,thedrifter129,zseqd9,t1_j8ad272,10,FALSE,True,maldives,0.995448172,0.000818881,0.003732955,0.5645172,0.076551341,0.358931422,0.354482323,0.01093156,0.634586096,positive,positive,neutral,positive
j1iwua7,Komandoo is sooooo under rated. I try to tell people about it but they always go to bigger name resorts. Glad you had the same experience we did. We got a couples massage when we arrived on the island and it was a fantastic start. Would highly recommend that also. The sunset excursion was also fantastic.,4,0,2022-12-24 18:57:00 UTC,0,texaswelder_,ztsq9r,t3_ztsq9r,305,FALSE,False,maldives,0.983915865,0.002453455,0.01363066,0.868915737,0.00789015,0.123194113,0.91133976,0.002629243,0.086031064,positive,positive,positive,positive
j3rjgp1,"Maafushi is the most crowded and overrated local island. There are awesome ones like Omadhoo or Thoddoo, but,of course, not even those will give you the resort experience.
On the other hand, they will give you an awesome insight in to local culture and some amazing natural beauty.",1,0,2023-01-10 16:17:41 UTC,0,bl00regardqkaz00,ztsq9r,t3_ztsq9r,281,FALSE,False,maldives,0.950264275,0.011579916,0.038155764,0.352277994,0.013886306,0.633835673,0.982003987,0.001192573,0.016803496,positive,neutral,positive,positive
